ItemId,Item,Category,Tier,Rarity,How to Obtain,Where to Find / Source,Crafted At,Recipe Unlocked By,Notes / Primary Use,Source Section,Referenced In
CMP_ADHESIVE_CARTRIDGE,Adhesive Cartridge,Component,1,Uncommon,Crafted,Crafted at: Chem Bench,Chem Bench,Chemistry,Repair,Field Manual Table 24 - Component Compendium,Recipe Input: RC_CON_FIBER_TAPE_ROLL | Recipe Input: RC_CON_PATCH_STRIP | Recipe Input: RC_CON_SEAL_TAPE_ROLL | Recipe Output: RC_CMP_ADHESIVE_CARTRIDGE | Recipe Input: RC_ATT_STOCK_PAD
CMP_ARMOR_PLATE_INSERT,Armor Plate Insert,Component,3,Uncommon,Crafted,Crafted at: Machine Bench,Machine Bench,—,"Build,Repair",Field Manual Table 24 - Component Compendium,Recipe Output: RC_CMP_ARMOR_PLATE_INSERT | Recipe Input: RC_EQP_COMPOSITE_VEST
CMP_BEARING_SET,Bearing Set,Component,1,Uncommon,Crafted,Crafted at: Machine Bench,Machine Bench,—,Repair,Field Manual Table 24 - Component Compendium,Recipe Output: RC_CMP_BEARING_SET | Recipe Input: RC_EQP_HATCHET_T3 | Recipe Input: RC_EQP_HATCHET_T3 | Recipe Input: RC_EQP_PICKAXE_T3 | Recipe Input: RC_EQP_PICKAXE_T3 | Recipe Input: REC_006
CMP_BRACKET_SET,Bracket Set,Component,1,Common,Crafted,Crafted at: Machine Bench,Machine Bench,—,"Build,Repair",Field Manual Table 24 - Component Compendium,Recipe Input: RC_ATT_VERTICAL_GRIP | Recipe Input: RC_EQP_MULTI_TOOL | Recipe Output: RC_CMP_BRACKET_SET | Recipe Input: RC_EQP_HATCHET_T2 | Recipe Input: RC_EQP_HATCHET_T2 | Recipe Input: REC_003 | Recipe Input: RC_ATT_4X_SCOPE | Recipe Input: RC_CMP_OPTIC_LENS | Recipe Input: RC_ATT_COMPENSATOR | Recipe Input: REC_020 | Recipe Input: REC_021
CMP_BUCKLE_SET,Buckle Set,Component,0,Common,Crafted,Crafted at: Camp Workbench,Camp Workbench,—,"Repair,Build",Field Manual Table 24 - Component Compendium,Recipe Output: RC_CMP_BUCKLE_SET | Recipe Input: RC_EQP_LIGHT_ARMOR_VEST | Recipe Input: RC_MAT_ROPE_REEL | Recipe Input: RC_EQP_COMPOSITE_VEST | Recipe Input: REC_015
CMP_CABLE_TIE_BUNDLE,Cable Tie Bundle,Component,0,Common,Crafted,Crafted at: Chem Bench,Chem Bench,Polymers,"Build,Repair",Field Manual Table 24 - Component Compendium,Recipe Input: RC_CMP_CONNECTOR_HOUSING | Recipe Output: RC_CMP_CABLE_TIE_BUNDLE
CMP_CAPACITOR_BANK,Capacitor Bank,Component,3,Rare,Crafted,Crafted at: Electronics Bench,Electronics Bench,—,Install,Field Manual Table 24 - Component Compendium,Recipe Output: RC_CMP_CAPACITOR_BANK | Recipe Input: RC_CON_BATTERY_CELL | Recipe Input: REC_019 | Research Supply Cost: Tools | Research Supply Cost: Armor | Research Supply Cost: Muzzle | Research Supply Cost: Magazines | Research Supply Cost: Wpn Smg | Research Supply Cost: Wpn Carbine | Research Supply Cost: Wpn Dmr | Research Supply Cost: Remnant Systems Fab | Build Cost: Electronics Bench | ...
CMP_CERAMIC_FILTER_CORE,Ceramic Filter Core,Component,2,Rare,Crafted,Crafted at: Kiln Oven,Kiln Oven,Ceramics,"Install,Repair",Field Manual Table 24 - Component Compendium,Recipe Output: RC_CMP_CERAMIC_FILTER_CORE | Research Supply Cost: Chemistry | Research Supply Cost: Thermal | Build Cost: Chem Bench
CMP_CERAMIC_INSULATOR,Ceramic Insulator,Component,2,Rare,Crafted,Crafted at: Kiln Oven,Kiln Oven,Ceramics,Install,Field Manual Table 24 - Component Compendium,Recipe Output: RC_CMP_CERAMIC_INSULATOR | Build Cost: Thermal Tap
CMP_CIRCUIT_BOARD,Circuit Board,Component,3,Uncommon,Crafted,Crafted at: Electronics Bench,Electronics Bench,Electronics,"Build,Install,Research",Field Manual Table 24 - Component Compendium,Recipe Output: RC_CMP_CIRCUIT_BOARD | Recipe Input: REC_019 | Build Cost: Electronics Bench
CMP_CLOTH_BOLT,Cloth Bolt,Component,1,Uncommon,Crafted,Crafted at: Camp Workbench,Camp Workbench,—,Build,Field Manual Table 24 - Component Compendium,Recipe Output: RC_CMP_CLOTH_BOLT | Recipe Input: RC_EQP_FIELD_JACKET | Recipe Input: RC_EQP_LIGHT_ARMOR_VEST | Recipe Input: RC_EQP_THERMAL_UNDERLAYER
CMP_CONDUCTIVE_PASTE,Conductive Paste,Component,2,Rare,Crafted,Crafted at: Chem Bench,Chem Bench,Electronics,"Install,Repair",Field Manual Table 24 - Component Compendium,Recipe Input: RC_CMP_CIRCUIT_BOARD | Recipe Output: RC_CMP_CONDUCTIVE_PASTE | Research Supply Cost: Optics | Research Supply Cost: Optics | Research Supply Cost: Optics
CMP_CONNECTOR_HOUSING,Connector Housing,Component,1,Uncommon,Crafted,Crafted at: Camp Workbench,Camp Workbench,Electronics,"Build,Repair",Field Manual Table 24 - Component Compendium,Recipe Output: RC_CMP_CONNECTOR_HOUSING
CMP_CONTACT_PIN_SET,Contact Pin Set,Component,1,Uncommon,Crafted,Crafted at: Machine Bench,Machine Bench,Electronics,"Build,Repair",Field Manual Table 24 - Component Compendium,Recipe Output: RC_CMP_CONTACT_PIN_SET | Recipe Input: RC_CMP_TERMINAL_BLOCK | Recipe Input: REC_007 | Recipe Input: RC_CMP_CIRCUIT_BOARD | Recipe Input: RC_CON_FUSE_LINK
CMP_FASTENER_SET,Fastener Set,Component,1,Common,Crafted,Crafted at: Anvil Forge,Anvil Forge,—,"Build,Repair",Field Manual Table 24 - Component Compendium,Recipe Output: RC_CMP_FASTENER_SET | Research Supply Cost: Camp | Research Supply Cost: Tools | Research Supply Cost: Woodwork | Research Supply Cost: Finishing | Research Supply Cost: Seals | Research Supply Cost: Machining | Research Supply Cost: Electronics | Research Supply Cost: Powergrid | Research Supply Cost: Tools | Research Supply Cost: Field Kit | Research Supply Cost: Armor | ...
CMP_FUSE_PACK,Fuse Pack,Component,1,Uncommon,Crafted,Crafted at: Electronics Bench,Electronics Bench,—,Repair,Field Manual Table 24 - Component Compendium,Recipe Output: RC_CMP_FUSE_PACK | Recipe Input: RC_CON_FUSE_LINK
CMP_GASKET_CUTOUT_SET,Gasket Cutout Set,Component,1,Uncommon,Crafted,Crafted at: Camp Workbench,Camp Workbench,Seals,"Build,Repair",Field Manual Table 24 - Component Compendium,Recipe Output: RC_CMP_GASKET_CUTOUT_SET
CMP_GASKET_RING,Gasket Ring,Component,1,Common,Crafted,Crafted at: Camp Workbench,Camp Workbench,Seals,Repair,Field Manual Table 24 - Component Compendium,Recipe Output: RC_CMP_GASKET_RING | Recipe Input: RC_EQP_WATER_FILTER | Recipe Input: REC_005 | Recipe Input: RC_ATT_COMPENSATOR | Recipe Input: RC_ATT_SUPPRESSOR
CMP_GASKET_SHEET,Gasket Sheet,Component,0,Common,Crafted,Crafted at: Chem Bench,Chem Bench,Seals,"Build,Repair",Field Manual Table 24 - Component Compendium,Recipe Input: RC_CMP_GASKET_CUTOUT_SET | Recipe Input: RC_CMP_GASKET_RING | Recipe Output: RC_CMP_GASKET_SHEET
CMP_GEAR_SET,Gear Set,Component,2,Uncommon,Crafted,Crafted at: Machine Bench,Machine Bench,—,"Install,Repair",Field Manual Table 24 - Component Compendium,Recipe Output: RC_CMP_GEAR_SET | Recipe Input: RC_WPN_SMG_COMPACT | Recipe Input: REC_006
CMP_GLASS_FIBER_SPOOL,Glass Fiber Spool,Component,2,Rare,Crafted,Crafted at: Grinder,Grinder,—,Install,Field Manual Table 24 - Component Compendium,Recipe Output: RC_CMP_GLASS_FIBER_SPOOL
CMP_GLASS_SEAL,Glass Seal Ring,Component,2,Uncommon,Crafted,Crafted at: Camp Workbench,Camp Workbench,Seals,"Repair,Install",Field Manual Table 24 - Component Compendium,Recipe Output: RC_CMP_GLASS_SEAL
CMP_GLASS_VIAL,Glass Vial,Component,1,Uncommon,Crafted,Crafted at: Grinder,Grinder,—,Use,Field Manual Table 24 - Component Compendium,Recipe Output: RC_CMP_GLASS_VIAL | Recipe Input: RC_CMP_CONDUCTIVE_PASTE | Recipe Input: RC_CMP_TANNING_SALTS
CMP_HEATSHRINK_SLEEVE,Heat-Shrink Sleeve,Component,0,Common,Crafted,Crafted at: Chem Bench,Chem Bench,Polymers,"Repair,Install",Field Manual Table 24 - Component Compendium,Recipe Input: RC_CMP_TERMINAL_BLOCK | Recipe Input: RC_CMP_WIRE_COIL | Recipe Output: RC_CMP_HEATSHRINK_SLEEVE | Recipe Input: REC_019
CMP_HEATSINK_BLOCK,Heatsink Block,Component,2,Rare,Crafted,Crafted at: Machine Bench,Machine Bench,Thermal,"Install,Repair",Field Manual Table 24 - Component Compendium,Recipe Output: RC_CMP_HEATSINK_BLOCK | Research Supply Cost: Tools | Research Supply Cost: Armor | Research Supply Cost: Muzzle | Research Supply Cost: Magazines | Research Supply Cost: Wpn Smg | Research Supply Cost: Wpn Carbine | Research Supply Cost: Wpn Dmr | Build Cost: Kiln Furnace | Build Cost: Armory Bench | Build Cost: Remnant Printer | Build Cost: Thermal Tap
CMP_HINGE_PAIR,Hinge Pair,Component,1,Common,Crafted,Crafted at: Machine Bench,Machine Bench,—,"Build,Repair",Field Manual Table 24 - Component Compendium,Recipe Output: RC_CMP_HINGE_PAIR | Recipe Input: RC_WPN_PUMP_SHOTGUN
CMP_HOSE_CLAMP,Hose Clamp,Component,0,Common,Crafted,Crafted at: Anvil Forge,Anvil Forge,—,"Repair,Install",Field Manual Table 24 - Component Compendium,Recipe Output: RC_CMP_HOSE_CLAMP
CMP_HOSE_SECTION,Hose Section,Component,0,Common,Crafted,Crafted at: Anvil Forge,Anvil Forge,—,"Build,Repair",Field Manual Table 24 - Component Compendium,Recipe Output: RC_CMP_HOSE_SECTION
CMP_INSULATION_BAT,Insulation Bat,Component,1,Uncommon,Crafted,Crafted at: Camp Workbench,Camp Workbench,—,"Build,Install",Field Manual Table 24 - Component Compendium,Recipe Output: RC_CMP_INSULATION_BAT | Recipe Input: RC_EQP_COMPOSITE_VEST | Recipe Input: RC_ATT_STOCK_PAD
CMP_LATCH_ASSEMBLY,Latch Assembly,Component,1,Common,Crafted,Crafted at: Machine Bench,Machine Bench,—,"Build,Repair",Field Manual Table 24 - Component Compendium,Recipe Output: RC_CMP_LATCH_ASSEMBLY | Recipe Input: RC_WPN_PUMP_SHOTGUN
CMP_LEATHER_ROLL,Leather Roll,Component,2,Uncommon,Crafted,Crafted at: Camp Workbench,Camp Workbench,—,Build,Field Manual Table 24 - Component Compendium,Recipe Output: RC_CMP_LEATHER_ROLL
CMP_LENS_BLANK,Lens Blank,Component,2,Rare,Crafted,Crafted at: Grinder,Grinder,—,Install,Field Manual Table 24 - Component Compendium,Recipe Output: RC_CMP_LENS_BLANK | Recipe Input: RC_CMP_OPTIC_LENS | Recipe Input: REC_020 | Research Supply Cost: Optics | Research Supply Cost: Optics | Research Supply Cost: Optics
CMP_NEEDLE_PACK,Needle Pack,Component,0,Common,Crafted,Crafted at: Camp Workbench,Camp Workbench,—,"Repair,Use",Field Manual Table 24 - Component Compendium,Recipe Output: RC_CMP_NEEDLE_PACK | Recipe Input: RC_EQP_SEWING_KIT
CMP_O_RING_KIT,O-Ring Kit,Component,0,Common,Crafted,Crafted at: Chem Bench,Chem Bench,Seals,"Repair,Install",Field Manual Table 24 - Component Compendium,Recipe Input: RC_CMP_GLASS_SEAL | Recipe Output: RC_CMP_O_RING_KIT | Recipe Input: REC_020
CMP_OPTIC_LENS,Optic Lens,Component,3,Rare,Crafted,Crafted at: Electronics Bench,Electronics Bench,—,"Build,Install",Field Manual Table 24 - Component Compendium,Recipe Input: RC_WPN_DMR | Recipe Input: RC_ATT_4X_SCOPE | Recipe Input: RC_ATT_RED_DOT | Recipe Output: RC_CMP_OPTIC_LENS | Recipe Input: RC_WPN_BOLT_SNIPER | Recipe Input: REC_016 | Recipe Input: REC_019
CMP_PIPE_SECTION,Pipe Section,Component,1,Common,Crafted,Crafted at: Anvil Forge,Anvil Forge,—,"Build,Repair",Field Manual Table 24 - Component Compendium,Recipe Input: RC_EQP_WATER_FILTER | Recipe Output: RC_CMP_PIPE_SECTION | Recipe Input: RC_WPN_CARBINE | Recipe Input: RC_WPN_DMR | Recipe Input: RC_WPN_SMG_COMPACT | Recipe Input: REC_005 | Recipe Input: RC_ATT_SUPPRESSOR
CMP_PLATE_PANEL,Plate Panel,Component,2,Common,Crafted,Crafted at: Anvil Forge,Anvil Forge,Metalwork,"Build,Repair",Field Manual Table 24 - Component Compendium,Recipe Output: RC_CMP_PLATE_PANEL | Recipe Input: RC_CMP_ARMOR_PLATE_INSERT | Recipe Input: REC_003 | Recipe Input: REC_008 | Research Supply Cost: Metalwork | Research Supply Cost: Machining | Research Supply Cost: Electronics | Research Supply Cost: Powergrid | Research Supply Cost: Tools | Research Supply Cost: Tools | Research Supply Cost: Armor | Research Supply Cost: Armor | ...
CMP_RIVET_SET,Rivet Set,Component,0,Common,Crafted,Crafted at: Anvil Forge,Anvil Forge,—,"Build,Repair",Field Manual Table 24 - Component Compendium,Recipe Output: RC_CMP_RIVET_SET | Recipe Input: RC_CMP_ARMOR_PLATE_INSERT | Recipe Input: REC_003 | Recipe Input: REC_008 | Recipe Input: RC_ATT_EXT_MAG
CMP_SAFETY_WIRE_SPOOL,Safety Wire Spool,Component,1,Uncommon,Crafted,Crafted at: Electronics Bench,Electronics Bench,—,"Repair,Install",Field Manual Table 24 - Component Compendium,Recipe Input: REC_007 | Recipe Output: RC_CMP_SAFETY_WIRE_SPOOL
CMP_SCREW_SET,Screw Set,Component,0,Common,Crafted,Crafted at: Anvil Forge,Anvil Forge,—,"Build,Repair",Field Manual Table 24 - Component Compendium,Recipe Input: RC_ATT_VERTICAL_GRIP | Recipe Input: RC_EQP_MULTI_TOOL | Recipe Output: RC_CMP_SCREW_SET | Recipe Input: RC_CMP_BEARING_SET | Recipe Input: RC_CMP_BRACKET_SET | Recipe Input: RC_CMP_GEAR_SET | Recipe Input: RC_CMP_HINGE_PAIR | Recipe Input: RC_CMP_LATCH_ASSEMBLY | Recipe Input: RC_CMP_SPRING_COIL | Recipe Input: RC_CMP_VALVE_CORE | Recipe Input: RC_EQP_HATCHET_T1 | Recipe Input: RC_EQP_HATCHET_T3 | ...
CMP_SEALANT_TUBE,Sealant Tube,Component,1,Uncommon,Crafted,Crafted at: Chem Bench,Chem Bench,Chemistry,Repair,Field Manual Table 24 - Component Compendium,Recipe Input: RC_CMP_GLASS_SEAL | Recipe Output: RC_CMP_SEALANT_TUBE | Recipe Input: REC_020 | Research Supply Cost: Chemistry | Research Supply Cost: Polymers | Research Supply Cost: Tanning | Research Supply Cost: Machining | Research Supply Cost: Electronics | Research Supply Cost: Powergrid | Research Supply Cost: Tools | Research Supply Cost: Armor | Research Supply Cost: Thermal | ...
CMP_SOLDER_WIRE,Solder Wire Spool,Component,2,Rare,Crafted,Crafted at: Anvil Forge,Anvil Forge,Electronics,Repair,Field Manual Table 24 - Component Compendium,Recipe Output: RC_CMP_SOLDER_WIRE | Recipe Input: RC_CMP_CAPACITOR_BANK | Recipe Input: RC_CMP_CIRCUIT_BOARD | Recipe Input: RC_CMP_FUSE_PACK | Recipe Input: RC_CMP_SAFETY_WIRE_SPOOL | Research Supply Cost: Tools | Research Supply Cost: Armor | Research Supply Cost: Optics | Research Supply Cost: Optics | Research Supply Cost: Optics | Research Supply Cost: Muzzle | Research Supply Cost: Magazines | ...
CMP_SPRING_COIL,Spring Coil,Component,1,Common,Crafted,Crafted at: Machine Bench,Machine Bench,—,Repair,Field Manual Table 24 - Component Compendium,Recipe Output: RC_CMP_SPRING_COIL | Recipe Input: RC_WPN_CARBINE | Recipe Input: RC_WPN_DMR | Recipe Input: RC_WPN_SMG_COMPACT | Recipe Input: REC_006 | Recipe Input: REC_007 | Recipe Input: REC_008 | Recipe Input: RC_ATT_EXT_MAG
CMP_TANNING_SALTS,Tanning Salts,Component,1,Uncommon,Crafted,Crafted at: Chem Bench,Chem Bench,Tanning,Use,Field Manual Table 24 - Component Compendium,Recipe Input: RC_CMP_LEATHER_ROLL | Recipe Output: RC_CMP_TANNING_SALTS
CMP_TERMINAL_BLOCK,Terminal Block,Component,1,Uncommon,Crafted,Crafted at: Machine Bench,Machine Bench,Electronics,"Build,Repair",Field Manual Table 24 - Component Compendium,Recipe Output: RC_CMP_TERMINAL_BLOCK | Recipe Input: RC_ATT_RED_DOT | Research Supply Cost: Machining | Research Supply Cost: Electronics | Research Supply Cost: Powergrid | Research Supply Cost: Tools | Research Supply Cost: Armor | Research Supply Cost: Grip | Build Cost: Machine Bench | Build Cost: Solar Array
CMP_THERMAL_LINER,Thermal Liner,Component,2,Uncommon,Crafted,Crafted at: Camp Workbench,Camp Workbench,—,"Build,Repair",Field Manual Table 24 - Component Compendium,Recipe Output: RC_CMP_THERMAL_LINER | Recipe Input: RC_EQP_THERMAL_UNDERLAYER
CMP_THREAD_SPOOL,Thread Spool,Component,1,Common,Crafted,Crafted at: Camp Workbench,Camp Workbench,—,"Build,Repair",Field Manual Table 24 - Component Compendium,Recipe Output: RC_CMP_THREAD_SPOOL | Recipe Input: RC_EQP_FIELD_JACKET | Recipe Input: RC_EQP_SEWING_KIT
CMP_VALVE_CORE,Valve Core,Component,2,Rare,Crafted,Crafted at: Machine Bench,Machine Bench,—,Repair,Field Manual Table 24 - Component Compendium,Recipe Output: RC_CMP_VALVE_CORE | Build Cost: Machine Bench | Build Cost: Polymer Vat | Build Cost: Wind Spire | Build Cost: Thermal Tap
CMP_WAXED_THREAD_SPOOL,Waxed Thread Spool,Component,0,Common,Crafted,Crafted at: Camp Workbench,Camp Workbench,—,"Repair,Build",Field Manual Table 24 - Component Compendium,Recipe Output: RC_CMP_WAXED_THREAD_SPOOL | Recipe Input: RC_EQP_THERMAL_UNDERLAYER
CMP_WIRE_COIL,Wire Coil,Component,2,Uncommon,Crafted,Crafted at: Machine Bench,Machine Bench,Electronics,"Build,Repair",Field Manual Table 24 - Component Compendium,Recipe Input: RC_EQP_MULTI_TOOL | Recipe Output: RC_CMP_WIRE_COIL | Recipe Input: RC_WPN_SMG_COMPACT | Recipe Input: RC_CON_BATTERY_CELL | Recipe Input: REC_014 | Recipe Input: REC_019 | Build Cost: Wind Spire
CMP_WIRE_SLEEVE,Wire Sleeve,Component,0,Common,Crafted,Crafted at: Chem Bench,Chem Bench,Electronics,"Build,Repair",Field Manual Table 24 - Component Compendium,Recipe Input: RC_CMP_WIRE_COIL | Recipe Output: RC_CMP_WIRE_SLEEVE
CMP_ZIPPER_KIT,Zipper Kit,Component,0,Common,Crafted,Crafted at: Camp Workbench,Camp Workbench,—,"Repair,Build",Field Manual Table 24 - Component Compendium,Recipe Output: RC_CMP_ZIPPER_KIT | Recipe Input: RC_EQP_FIELD_JACKET
CON_ABRASIVE_GRIT_BAG,Abrasive Grit Bag,Consumable,0,Common,Crafted,Crafted at: Grinder,Grinder,—,"Clean,Process",Field Manual Table 25 - Consumable Compendium,Recipe Input: RC_CMP_PLATE_PANEL | Recipe Input: REC_004 | Recipe Output: RC_CON_ABRASIVE_GRIT_BAG | Recipe Input: RC_CMP_CONTACT_PIN_SET
CON_ABRASIVE_PAD,Abrasive Pad,Consumable,0,Common,Crafted,Crafted at: Grinder,Grinder,—,"Clean,Repair",Field Manual Table 25 - Consumable Compendium,Recipe Input: RC_CMP_SOLDER_WIRE | Recipe Input: REC_010 | Recipe Input: REC_011 | Recipe Input: REC_012 | Recipe Input: RC_CMP_GLASS_FIBER_SPOOL | Recipe Input: RC_CMP_GLASS_VIAL | Recipe Input: RC_CMP_LENS_BLANK | Recipe Output: RC_CON_ABRASIVE_PAD | Recipe Input: RC_CMP_HEATSINK_BLOCK | Recipe Input: REC_005 | Recipe Input: REC_009 | Recipe Input: RC_ATT_COMPENSATOR
CON_BATTERY_CELL,Battery Cell,Consumable,2,Uncommon,Crafted,Crafted at: Electronics Bench,Electronics Bench,—,"Fuel,Install",Field Manual Table 25 - Consumable Compendium,Recipe Output: RC_CON_BATTERY_CELL
CON_CLOTH_WIPES_BUNDLE,Cloth Wipes Bundle,Consumable,0,Common,Crafted,Crafted at: Camp Workbench,Camp Workbench,Field Kit,"Clean,Use",Field Manual Table 25 - Consumable Compendium,Recipe Output: RC_CON_CLOTH_WIPES_BUNDLE
CON_CONTACT_CLEANER_CAN,Contact Cleaner Can,Consumable,2,Rare,Crafted,Crafted at: Camp Workbench,Camp Workbench,—,"Clean,Repair",Field Manual Table 25 - Consumable Compendium,Recipe Output: RC_CON_CONTACT_CLEANER_CAN | Research Supply Cost: Chemistry | Research Supply Cost: Thermal | Build Cost: Chem Bench
CON_DEGREASER_SPRAY,Degreaser Spray,Consumable,1,Uncommon,Crafted,Crafted at: Camp Workbench,Camp Workbench,—,"Clean,Use",Field Manual Table 25 - Consumable Compendium,Recipe Output: RC_CON_DEGREASER_SPRAY | Recipe Input: RC_CMP_CONTACT_PIN_SET | Recipe Input: RC_CMP_HEATSINK_BLOCK | Recipe Input: REC_003 | Recipe Input: REC_007
CON_FIBER_TAPE_ROLL,Fiber Tape Roll,Consumable,0,Common,Crafted,Crafted at: Camp Workbench,Camp Workbench,—,"Repair,Seal",Field Manual Table 25 - Consumable Compendium,Recipe Output: RC_CON_FIBER_TAPE_ROLL
CON_FILTER_INSERT,Filter Insert,Consumable,0,Common,Crafted,Crafted at: Camp Workbench,Camp Workbench,—,"Install,Use",Field Manual Table 25 - Consumable Compendium,Recipe Output: RC_CON_FILTER_INSERT | Recipe Input: RC_EQP_RESPIRATOR
CON_FILTER_MEMBRANE,Filter Membrane,Consumable,2,Uncommon,Crafted,Crafted at: Camp Workbench,Camp Workbench,—,"Build,Consume",Field Manual Table 25 - Consumable Compendium,Recipe Input: RC_CON_FILTER_INSERT | Recipe Output: RC_CON_FILTER_MEMBRANE | Recipe Input: RC_CON_FILTER_MEMBRANE | Recipe Input: RC_CON_FILTER_PELLETS_POUCH | Recipe Input: RC_EQP_WATER_FILTER
CON_FILTER_PELLETS_POUCH,Filter Pellets Pouch,Consumable,0,Common,Crafted,Crafted at: Camp Workbench,Camp Workbench,—,"Use,Install",Field Manual Table 25 - Consumable Compendium,Recipe Input: RC_CON_FILTER_INSERT | Recipe Input: RC_CON_FILTER_MEMBRANE | Recipe Output: RC_CON_FILTER_PELLETS_POUCH | Recipe Input: RC_CON_FILTER_PELLETS_POUCH | Recipe Input: RC_EQP_WATER_FILTER
CON_FUSE_LINK,Fuse Link,Consumable,0,Common,Crafted,Crafted at: Electronics Bench,Electronics Bench,—,"Repair,Install",Field Manual Table 25 - Consumable Compendium,Recipe Output: RC_CON_FUSE_LINK
CON_LUBE_PACKET,Lube Packet,Consumable,0,Common,Crafted,Crafted at: Camp Workbench,Camp Workbench,—,"Repair,Use",Field Manual Table 25 - Consumable Compendium,Recipe Input: RC_ATT_VERTICAL_GRIP | Recipe Output: RC_CON_LUBE_PACKET | Recipe Input: RC_EQP_MULTI_TOOL | Recipe Input: RC_CMP_PLATE_PANEL | Recipe Input: REC_010 | Recipe Input: RC_CMP_WIRE_COIL | Recipe Input: RC_EQP_HATCHET_T1 | Recipe Input: RC_EQP_PICKAXE_T1 | Recipe Input: REC_006 | Recipe Input: REC_009 | Recipe Input: RC_ATT_EXT_MAG | Research Supply Cost: Armory | ...
CON_LUBE_TUBE,Lubricant Tube,Consumable,1,Uncommon,Crafted,Crafted at: Camp Workbench,Camp Workbench,—,"Repair,Use",Field Manual Table 25 - Consumable Compendium,Recipe Output: RC_CON_LUBE_TUBE | Recipe Input: REC_011 | Recipe Input: REC_012 | Recipe Input: RC_CMP_BEARING_SET | Recipe Input: RC_CMP_BRACKET_SET | Recipe Input: RC_CMP_GEAR_SET | Recipe Input: RC_CMP_HINGE_PAIR | Recipe Input: RC_CMP_LATCH_ASSEMBLY | Recipe Input: RC_CMP_SPRING_COIL | Recipe Input: RC_CMP_VALVE_CORE | Recipe Input: RC_WPN_CARBINE | Recipe Input: RC_WPN_DMR | ...
CON_PATCH_STRIP,Patch Strip,Consumable,0,Common,Crafted,Crafted at: Camp Workbench,Camp Workbench,—,"Repair,Use",Field Manual Table 25 - Consumable Compendium,Recipe Output: RC_CON_PATCH_STRIP
CON_POLISH_PASTE,Polish Paste,Consumable,0,Common,Crafted,Crafted at: Grinder,Grinder,—,"Clean,Use",Field Manual Table 25 - Consumable Compendium,Recipe Input: RC_CMP_GASKET_CUTOUT_SET | Recipe Input: RC_CMP_GLASS_FIBER_SPOOL | Recipe Input: RC_CMP_GLASS_VIAL | Recipe Input: RC_CMP_LENS_BLANK | Recipe Output: RC_CON_POLISH_PASTE | Recipe Input: RC_EQP_HATCHET_T3 | Recipe Input: RC_EQP_HATCHET_T3 | Recipe Input: RC_EQP_PICKAXE_T3 | Recipe Input: RC_EQP_PICKAXE_T3 | Recipe Input: RC_ATT_4X_SCOPE | Recipe Input: RC_CMP_OPTIC_LENS | Recipe Input: REC_016 | ...
CON_SEAL_TAPE_ROLL,Seal Tape Roll,Consumable,0,Common,Crafted,Crafted at: Camp Workbench,Camp Workbench,—,"Repair,Seal",Field Manual Table 25 - Consumable Compendium,Recipe Input: RC_CMP_CONNECTOR_HOUSING | Recipe Input: RC_CMP_GASKET_RING | Recipe Input: RC_CON_CLOTH_WIPES_BUNDLE | Recipe Output: RC_CON_SEAL_TAPE_ROLL | Recipe Input: RC_CMP_HOSE_CLAMP | Recipe Input: RC_CMP_HOSE_SECTION | Recipe Input: RC_CMP_PIPE_SECTION | Recipe Input: REC_008 | Recipe Input: RC_CMP_O_RING_KIT | Recipe Input: RC_ATT_EXT_MAG | Recipe Input: RC_ATT_STOCK_PAD | Recipe Input: RC_ATT_SUPPRESSOR | ...
CON_SOLVENT_BOTTLE,Solvent Bottle,Consumable,1,Uncommon,Crafted,Crafted at: Camp Workbench,Camp Workbench,—,"Clean,Process",Field Manual Table 25 - Consumable Compendium,Recipe Input: RC_CON_CLOTH_WIPES_BUNDLE | Recipe Output: RC_CON_SOLVENT_BOTTLE | Recipe Input: RC_MAT_MORTAR_PASTE | Recipe Input: RC_CMP_CABLE_TIE_BUNDLE | Recipe Input: RC_CMP_GASKET_SHEET | Recipe Input: RC_CMP_HEATSHRINK_SLEEVE | Recipe Input: RC_CMP_O_RING_KIT | Recipe Input: RC_CMP_WIRE_SLEEVE | Recipe Input: REC_001 | Recipe Input: REC_013
CON_THREADLOCK_VIAL,Threadlock Vial,Consumable,1,Uncommon,Crafted,Crafted at: Camp Workbench,Camp Workbench,—,"Repair,Use",Field Manual Table 25 - Consumable Compendium,Recipe Output: RC_CON_THREADLOCK_VIAL | Recipe Input: RC_EQP_HATCHET_T2 | Recipe Input: RC_EQP_HATCHET_T2 | Recipe Input: RC_EQP_PICKAXE_T2 | Recipe Input: RC_EQP_PICKAXE_T2 | Recipe Input: REC_003 | Recipe Input: REC_006 | Recipe Input: REC_007 | Recipe Input: RC_ATT_SUPPRESSOR | Recipe Input: RC_WPN_BOLT_SNIPER | Recipe Input: RC_WPN_SERVICE_PISTOL | Recipe Input: REC_021
EQP_COMPOSITE_VEST,Composite Vest,Equipment,4,Rare,Crafted,Crafted at: Machine Bench,Machine Bench,Armor,Equip,Field Manual Table 27 - Equipment Compendium,Recipe Output: RC_EQP_COMPOSITE_VEST
EQP_FIELD_JACKET,Field Jacket,Equipment,2,Common,Crafted,Crafted at: Camp Workbench,Camp Workbench,—,Equip,Field Manual Table 27 - Equipment Compendium,Recipe Output: RC_EQP_FIELD_JACKET
EQP_RESPIRATOR,Filter Respirator,Equipment,2,Uncommon,Crafted,Crafted at: Camp Workbench,Camp Workbench,—,Equip,Field Manual Table 27 - Equipment Compendium,Recipe Output: RC_EQP_RESPIRATOR
EQP_HATCHET_T1,Hatchet (T1),Equipment,1,Common,Crafted,Crafted at: Machine Bench,Machine Bench,Tools,Equip,Field Manual Table 27 - Equipment Compendium,Recipe Output: RC_EQP_HATCHET_T1
EQP_LIGHT_ARMOR_VEST,Light Armor Vest,Equipment,2,Uncommon,Crafted,Crafted at: Camp Workbench,Camp Workbench,Armor,Equip,Field Manual Table 27 - Equipment Compendium,Recipe Output: RC_EQP_LIGHT_ARMOR_VEST
EQP_MULTI_TOOL,Multi-Tool,Equipment,2,Uncommon,Crafted,Crafted at: Camp Workbench,Camp Workbench,—,"Equip,Repair",Field Manual Table 27 - Equipment Compendium,Recipe Output: RC_EQP_MULTI_TOOL
EQP_PICKAXE_T1,Pickaxe (T1),Equipment,1,Common,Crafted,Crafted at: Machine Bench,Machine Bench,Tools,Equip,Field Manual Table 27 - Equipment Compendium,Recipe Output: RC_EQP_PICKAXE_T1
EQP_WATER_FILTER,Portable Water Filter,Equipment,2,Uncommon,Crafted,Crafted at: Camp Workbench,Camp Workbench,—,Use,Field Manual Table 27 - Equipment Compendium,Recipe Output: RC_EQP_WATER_FILTER
EQP_SEWING_KIT,Sewing Kit,Equipment,1,Common,Crafted,Crafted at: Camp Workbench,Camp Workbench,—,Use,Field Manual Table 27 - Equipment Compendium,Recipe Output: RC_EQP_SEWING_KIT
EQP_THERMAL_UNDERLAYER,Thermal Underlayer,Equipment,1,Common,Crafted,Crafted at: Camp Workbench,Camp Workbench,—,Equip,Field Manual Table 27 - Equipment Compendium,Recipe Output: RC_EQP_THERMAL_UNDERLAYER
FOD_AROMA_POD,Aroma Pod,Food,—,—,Processed / Recipe-based,Cooked/processed food (see recipes and Field Guide).,,—,—,Field Manual Table 26 - Food Compendium,Recipe Input: RC_FOD_TUBER_STEW
FOD_COOKED_MEAT,Cooked Meat,Food,—,—,Crafted,Crafted at: Cookfire,Cookfire,Cooking,A simple cooked cut of meat. Safer and more filling than raw.,Field Manual Table 26 - Food Compendium,Recipe Output: RC_FOD_COOKED_MEAT
FOD_GRAIN_SACK,Grain Sack,Food,—,—,Processed / Recipe-based,Cooked/processed food (see recipes and Field Guide).,,—,—,Field Manual Table 26 - Food Compendium,Recipe Input: RC_FOD_HOT_PORRIDGE
FOD_HOT_PORRIDGE,Hot Porridge,Food,—,—,Crafted,Crafted at: Cookfire,Cookfire,Cooking,"A warm, thick porridge that steadies hunger and helps you keep moving.",Field Manual Table 26 - Food Compendium,Recipe Output: RC_FOD_HOT_PORRIDGE
FOD_JERKY_STRIP,Jerky Strip,Food,—,—,Crafted,Crafted at: Cookfire,Cookfire,Cooking,"Salted and dried meat meant to last. Tough, but dependable.",Field Manual Table 26 - Food Compendium,Recipe Output: RC_FOD_JERKY_STRIP
FOD_RAW_MEAT,Raw Meat,Food,—,—,Processed / Recipe-based,Cooked/processed food (see recipes and Field Guide).,,—,—,Field Manual Table 26 - Food Compendium,Recipe Input: RC_FOD_COOKED_MEAT | Recipe Input: RC_FOD_JERKY_STRIP
FOD_TUBER_CRATE,Tuber Crate,Food,—,—,Processed / Recipe-based,Cooked/processed food (see recipes and Field Guide).,,—,—,Field Manual Table 26 - Food Compendium,Recipe Input: RC_FOD_TUBER_STEW
FOD_TUBER_STEW,Tuber Stew,Food,—,—,Crafted,Crafted at: Cookfire,Cookfire,Cooking,"A hearty stew of sliced tuber and aromatics—basic, but effective.",Field Manual Table 26 - Food Compendium,Recipe Output: RC_FOD_TUBER_STEW
CMP_BAFFLE_CORE,Baffle Core,Item,—,—,Crafted,Crafted at: Machine Bench,Machine Bench,Muzzle,A stacked baffle core used to redirect gases and reduce muzzle report.,Field Manual Table 33 - Item Compendium,Recipe Output: REC_009 | Recipe Input: RC_ATT_SUPPRESSOR
CMP_BARREL_ASSEMBLY,Barrel Assembly,Item,—,—,Crafted,Crafted at: Machine Bench,Machine Bench,Firearms,"A finished barrel with chamber and mount features, ready for final weapon assembly.",Field Manual Table 33 - Item Compendium,Recipe Output: REC_005 | Recipe Input: RC_WPN_BOLT_SNIPER | Recipe Input: RC_WPN_PUMP_SHOTGUN | Recipe Input: RC_WPN_SERVICE_PISTOL | Recipe Input: REC_014 | Recipe Input: REC_015 | Recipe Input: REC_016
CMP_BARREL_BLANK,Barrel Blank,Item,—,—,Crafted,Crafted at: Anvil Forge,Anvil Forge,Firearms,A heat-treated metal blank ready to be bored and honed into a barrel.,Field Manual Table 33 - Item Compendium,Recipe Output: REC_004 | Recipe Input: REC_005 | Research Supply Cost: Armory | Research Supply Cost: Firearms
CMP_BOLT_GROUP,Bolt Group,Item,—,—,Crafted,Crafted at: Machine Bench,Machine Bench,Firearms,A precision cycling group of moving parts that chambers rounds and controls firing cadence.,Field Manual Table 33 - Item Compendium,Recipe Output: REC_006 | Recipe Input: RC_WPN_BOLT_SNIPER | Recipe Input: RC_WPN_PUMP_SHOTGUN | Recipe Input: RC_WPN_SERVICE_PISTOL | Recipe Input: REC_014 | Recipe Input: REC_015 | Recipe Input: REC_016
CMP_FUSE_LINK_PACK,Fuse Link Pack,Item,—,—,Crafted,Crafted at: Anvil Forge,Anvil Forge,Electronics,—,Field Manual Table 33 - Item Compendium,Recipe Output: REC_002
MAT_GLASS_TUBE,Glass Tube,Item,—,—,Found/harvested in the world.,Found/harvested in the world.,Kiln Furnace,—,—,Field Manual Table 33 - Item Compendium,Recipe Input: RC_CMP_GLASS_SEAL | Recipe Output: RC_MAT_GLASS_TUBE | Recipe Input: RC_CMP_ADHESIVE_CARTRIDGE | Recipe Input: RC_CMP_SEALANT_TUBE | Recipe Input: REC_020 | Research Supply Cost: Optics | Research Supply Cost: Optics | Research Supply Cost: Optics
EQP_HATCHET_T3,Hatchet (Precision),Item,—,—,Crafted,Crafted at: Machine Bench,Machine Bench,Tools,A precision-balanced hatchet built for maximum yield and durability.,Field Manual Table 33 - Item Compendium,Recipe Output: RC_EQP_HATCHET_T3 | Recipe Output: RC_EQP_HATCHET_T3
EQP_HATCHET_T2,Hatchet (Reinforced),Item,—,—,Crafted,Crafted at: Machine Bench,Machine Bench,Tools,A reinforced hatchet with better edge retention and reduced wear.,Field Manual Table 33 - Item Compendium,Recipe Output: RC_EQP_HATCHET_T2 | Recipe Output: RC_EQP_HATCHET_T2
CMP_MAG_BODY,Magazine Body,Item,—,—,Crafted,Crafted at: Machine Bench,Machine Bench,Firearms,A formed magazine shell that holds spring and follower parts for feeding ammunition.,Field Manual Table 33 - Item Compendium,Recipe Output: REC_008 | Recipe Input: RC_ATT_EXT_MAG | Recipe Input: RC_WPN_SERVICE_PISTOL | Recipe Input: REC_014 | Recipe Input: REC_015 | Recipe Input: REC_016
EQP_PICKAXE_T3,Pickaxe (Precision),Item,—,—,Crafted,Crafted at: Machine Bench,Machine Bench,Tools,A high-precision pickaxe with tuned geometry for efficient extraction.,Field Manual Table 33 - Item Compendium,Recipe Output: RC_EQP_PICKAXE_T3 | Recipe Output: RC_EQP_PICKAXE_T3
EQP_PICKAXE_T2,Pickaxe (Reinforced),Item,—,—,Crafted,Crafted at: Machine Bench,Machine Bench,Tools,A reinforced pickaxe head designed to bite deeper into hard stone and ore.,Field Manual Table 33 - Item Compendium,Recipe Output: RC_EQP_PICKAXE_T2 | Recipe Output: RC_EQP_PICKAXE_T2
CMP_PISTOL_CASING_SET,Pistol Casing Set,Item,—,—,Crafted,Crafted at: Anvil Forge,Anvil Forge,Ammo,A small batch of empty pistol casings ready to be primed and loaded.,Field Manual Table 33 - Item Compendium,Recipe Output: REC_010 | Recipe Input: RC_AMO_PISTOL | Recipe Input: REC_017
MAT_POLYMER_SHEET,Polymer Sheet,Item,—,—,Crafted,Crafted at: Chem Bench,Chem Bench,Polymers,"A flexible polymer sheet pressed from flakes; ideal for housings, sleeves, and hulls.",Field Manual Table 33 - Item Compendium,Recipe Input: RC_CMP_CONNECTOR_HOUSING | Recipe Input: RC_CMP_TERMINAL_BLOCK | Recipe Input: RC_CMP_HEATSHRINK_SLEEVE | Recipe Input: RC_CMP_WIRE_SLEEVE | Recipe Output: REC_001 | Recipe Input: REC_013 | Recipe Input: REC_014 | Research Supply Cost: Polymers | Research Supply Cost: Tanning | Build Cost: Polymer Vat
MAT_RAW_HIDE,Raw Hide,Item,—,—,Found/harvested in the world.,Found/harvested in the world.,,—,A tough hide stripped from local fauna. Used for leatherwork and rugged gear.,Field Manual Table 33 - Item Compendium,
CMP_RECEIVER_FRAME,Receiver Frame,Item,—,—,Crafted,Crafted at: Machine Bench,Machine Bench,Firearms,"A machined firearm core that anchors barrel, bolt, and trigger assemblies.",Field Manual Table 33 - Item Compendium,Recipe Output: REC_003 | Recipe Input: RC_WPN_BOLT_SNIPER | Recipe Input: RC_WPN_PUMP_SHOTGUN | Recipe Input: RC_WPN_SERVICE_PISTOL | Recipe Input: REC_014 | Recipe Input: REC_015 | Recipe Input: REC_016 | Research Supply Cost: Armory | Research Supply Cost: Firearms | Build Cost: Armory Bench
CMP_RIFLE_CASING_SET,Rifle Casing Set,Item,—,—,Crafted,Crafted at: Anvil Forge,Anvil Forge,Ammo,A batch of reinforced casings designed for higher-pressure rifle loads.,Field Manual Table 33 - Item Compendium,Recipe Output: REC_011 | Recipe Input: RC_AMO_RIFLE | Recipe Input: REC_018
CMP_SHOT_HULL_SET,Shot Hull Set,Item,—,—,Crafted,Crafted at: Chem Bench,Chem Bench,Ammo,A set of polymer shotgun hulls ready for wadding and payload.,Field Manual Table 33 - Item Compendium,Recipe Output: REC_013 | Recipe Input: RC_AMO_SHOTGUN
MAT_SILICA_SAND,Silica Sand,Item,—,—,Found/harvested in the world.,Found/harvested in the world.,,—,—,Field Manual Table 33 - Item Compendium,Recipe Input: RC_CMP_CERAMIC_INSULATOR
MAT_SINEW_STRAND,Sinew Strand,Item,—,—,Found/harvested in the world.,Found/harvested in the world.,,—,"Fibrous tendon strands with high tensile strength, prized for bindings and reinforced stitching.",Field Manual Table 33 - Item Compendium,Recipe Input: RC_EQP_HATCHET_T2 | Recipe Input: RC_EQP_HATCHET_T2 | Recipe Input: RC_EQP_PICKAXE_T2 | Recipe Input: RC_EQP_PICKAXE_T2
CMP_SNIPER_CASING_SET,Sniper Casing Set,Item,—,—,Crafted,Crafted at: Anvil Forge,Anvil Forge,Ammo,A small run of high-tolerance casings intended for precision long-range rounds.,Field Manual Table 33 - Item Compendium,Recipe Output: REC_012 | Recipe Input: RC_AMO_SNIPER
CMP_TRIGGER_GROUP,Trigger Group,Item,—,—,Crafted,Crafted at: Machine Bench,Machine Bench,Firearms,"A tuned trigger and sear assembly built for crisp, reliable actuation.",Field Manual Table 33 - Item Compendium,Recipe Output: REC_007 | Recipe Input: RC_WPN_BOLT_SNIPER | Recipe Input: RC_WPN_PUMP_SHOTGUN | Recipe Input: RC_WPN_SERVICE_PISTOL | Recipe Input: REC_014 | Recipe Input: REC_015 | Recipe Input: REC_016 | Research Supply Cost: Armory | Research Supply Cost: Firearms
LDR_DOCTRINE_SEAL,Doctrine Seal,Leadership,4,Epic,Found / Drops,"Found via: FactionCapitals,POI_Remnant",,—,"Consume,Quest",Field Manual Table 31 - Leadership Compendium,
LDR_PROOF_TOKEN,Proof Token,Leadership,3,Rare,Found / Drops,"Found via: EliteEnemies,RemnantTrials",,—,Consume,Field Manual Table 31 - Leadership Compendium,Research Component: Optics | Research Component: Ammo | Research Component: Remnant Systems Fab | Research Supply Cost: Remnant Systems Fab
MAT_ASTERBARK_BARK,Asterbark Bark,Material,2,Rare,Found / Drops,Found via: Process_Woodworking,,—,"Build,Repair",Field Manual Table 23 - Material Compendium,
MAT_ASTERBARK_LOG,Asterbark Log,Material,2,Rare,Harvested,Harvested from: Asterbark trees,,—,"Build,Repair",Field Manual Table 23 - Material Compendium,Recipe Input: RC_MAT_ASTERBARK_PLANK
MAT_ASTERBARK_PLANK,Asterbark Plank,Material,2,Rare,Crafted,Crafted at: Sawbench,Sawbench,—,"Build,Repair",Field Manual Table 23 - Material Compendium,Recipe Output: RC_MAT_ASTERBARK_PLANK
MAT_ASTERBARK_SAP,Asterbark Sap Jar,Material,1,Uncommon,Harvested,Harvested from: Asterbark trees,,—,"Repair,Use",Field Manual Table 23 - Material Compendium,
MAT_CLAY_BINDING,Binding Clay,Material,0,Uncommon,Found / Drops,Found via: Node_Stone,,—,"Build,Use",Field Manual Table 23 - Material Compendium,Recipe Input: RC_MAT_MORTAR_PASTE | Recipe Input: RC_MAT_BRICK_FIRED | Recipe Input: RC_MAT_CERAMIC_CRUCIBLE | Recipe Input: RC_MAT_CERAMIC_PIPE | Recipe Input: RC_MAT_CERAMIC_TILE | Recipe Input: RC_CMP_CERAMIC_FILTER_CORE | Recipe Input: RC_CMP_CERAMIC_INSULATOR
MAT_BINDING_ROPE,Binding Rope,Material,1,Common,Crafted,Crafted at: Camp Workbench,Camp Workbench,—,"Build,Repair",Field Manual Table 23 - Material Compendium,Recipe Input: RC_CON_FILTER_INSERT | Recipe Input: RC_CON_FILTER_MEMBRANE | Recipe Input: RC_CON_FILTER_PELLETS_POUCH | Recipe Input: RC_EQP_RESPIRATOR | Recipe Output: RC_MAT_BINDING_ROPE | Recipe Input: RC_MAT_ROPE_REEL | Recipe Input: RC_EQP_COMPOSITE_VEST | Recipe Input: RC_EQP_HATCHET_T1 | Recipe Input: RC_EQP_PICKAXE_T1 | Research Supply Cost: Woodwork | Build Cost: Camp Workbench | Build Cost: Ladder
MAT_BITTER_CRYSTAL,Bitter Crystal,Material,0,Uncommon,Found / Drops,Found via: Node_BrineCrust,,—,"Use,Process",Field Manual Table 23 - Material Compendium,Recipe Input: RC_CMP_TANNING_SALTS
MAT_BLACKGLASS_PLATE,Blackglass Plate,Material,2,Rare,Mined from: Darkglass nodes,Mined from: Darkglass nodes,,—,"Build,Repair",Field Manual Table 23 - Material Compendium,Recipe Input: RC_EQP_HATCHET_T3 | Recipe Input: RC_EQP_HATCHET_T3 | Recipe Input: RC_EQP_PICKAXE_T3 | Recipe Input: RC_EQP_PICKAXE_T3 | Recipe Input: REC_009 | Recipe Input: RC_CMP_CIRCUIT_BOARD | Recipe Input: RC_WPN_BOLT_SNIPER | Recipe Input: REC_016 | Recipe Input: REC_019 | Research Supply Cost: Remnant Systems Fab | Build Cost: Remnant Printer
MAT_CERAMIC_CRUCIBLE,Ceramic Crucible,Material,2,Rare,Crafted,Crafted at: Kiln Furnace,Kiln Furnace,—,"Use,Repair",Field Manual Table 23 - Material Compendium,Recipe Output: RC_MAT_CERAMIC_CRUCIBLE | Research Supply Cost: Ceramics | Build Cost: Kiln Furnace
MAT_CERAMIC_PIPE,Ceramic Pipe,Material,2,Uncommon,Crafted,Crafted at: Kiln Furnace,Kiln Furnace,—,"Build,Repair",Field Manual Table 23 - Material Compendium,Recipe Output: RC_MAT_CERAMIC_PIPE | Recipe Input: REC_009 | Recipe Input: RC_ATT_COMPENSATOR | Recipe Input: RC_WPN_PUMP_SHOTGUN
MAT_CERAMIC_TILE,Ceramic Tile,Material,2,Rare,Crafted,Crafted at: Kiln Furnace,Kiln Furnace,—,"Build,Repair",Field Manual Table 23 - Material Compendium,Recipe Output: RC_MAT_CERAMIC_TILE | Research Supply Cost: Cooking | Build Cost: Kiln Oven
MAT_CHARCOAL_CHUNK,Charcoal Chunk,Material,1,Uncommon,Crafted,Crafted at: Kiln Furnace,Kiln Furnace,—,"Fuel,Use",Field Manual Table 23 - Material Compendium,Recipe Output: RC_MAT_CHARCOAL_CHUNK | Recipe Input: RC_MAT_WOOD_ASH_BAG | Recipe Input: RC_AMO_RIFLE | Recipe Input: REC_017 | Research Supply Cost: Cooking | Build Cost: Cookfire
MAT_GLASS_SHEET,Clear Glass Sheet,Material,2,Uncommon,Crafted,Crafted at: Kiln Furnace,Kiln Furnace,—,"Build,Install",Field Manual Table 23 - Material Compendium,Recipe Output: RC_MAT_GLASS_SHEET | Recipe Input: RC_MAT_GLASS_TEMPERED
MAT_CLEAR_GRIT,Clear Grit,Material,0,Common,Found / Drops,Found via: Node_ClearGrit,,—,"Build,Process",Field Manual Table 23 - Material Compendium,Recipe Input: RC_CMP_CERAMIC_FILTER_CORE | Recipe Input: RC_CMP_CERAMIC_INSULATOR | Recipe Input: RC_CON_ABRASIVE_GRIT_BAG | Recipe Input: RC_CON_ABRASIVE_PAD | Recipe Input: RC_CON_POLISH_PASTE | Recipe Input: RC_CMP_CONDUCTIVE_PASTE | Recipe Input: RC_AMO_PISTOL | Recipe Input: REC_018 | Research Supply Cost: Ammo | Research Supply Cost: Ammo Pistol | Research Supply Cost: Ammo Rifle | Research Supply Cost: Ammo | ...
MAT_CLOTH_PATCH,Cloth Patch,Material,0,Common,Found / Drops,Found via: Refine_From_Fiber,,—,"Build,Repair",Field Manual Table 23 - Material Compendium,Recipe Input: RC_CMP_BUCKLE_SET | Recipe Input: RC_CMP_CLOTH_BOLT | Recipe Input: RC_CMP_INSULATION_BAT | Recipe Input: RC_CMP_NEEDLE_PACK | Recipe Input: RC_CMP_THERMAL_LINER | Recipe Input: RC_CMP_THREAD_SPOOL | Recipe Input: RC_CMP_WAXED_THREAD_SPOOL | Recipe Input: RC_CMP_ZIPPER_KIT | Recipe Input: RC_CON_CLOTH_WIPES_BUNDLE | Recipe Input: RC_CON_FIBER_TAPE_ROLL | Recipe Input: RC_CON_PATCH_STRIP | Recipe Input: RC_CON_SEAL_TAPE_ROLL | ...
MAT_STONE_BLOCK,Cut Stone Block,Material,1,Uncommon,Found / Drops,"Found via: Process_Masonry,Refine_From_Stone",,—,Build,Field Manual Table 23 - Material Compendium,Recipe Input: RC_MAT_STONE_BRICK | Research Supply Cost: Ceramics | Build Cost: Cookfire | Build Cost: Anvil Forge | Build Cost: Kiln Furnace | Build Cost: Kiln Oven | Build Cost: Grinder
MAT_DARKGLASS_CHUNK,Darkglass Chunk,Material,0,Common,Found / Drops,Found via: Node_Stone,,—,"Build,Repair",Field Manual Table 23 - Material Compendium,
MAT_FIBER_BUNDLE,Fiber Bundle,Material,0,Common,Found / Drops,"Found via: Node_Fiber,PLT_SPIRAL_REED,PLT_THREADMOLD_SHEET",,—,"Build,Repair",Field Manual Table 23 - Material Compendium,Recipe Input: RC_CMP_BUCKLE_SET | Recipe Input: RC_CMP_CLOTH_BOLT | Recipe Input: RC_CMP_INSULATION_BAT | Recipe Input: RC_CMP_NEEDLE_PACK | Recipe Input: RC_CMP_THERMAL_LINER | Recipe Input: RC_CMP_THREAD_SPOOL | Recipe Input: RC_CMP_WAXED_THREAD_SPOOL | Recipe Input: RC_CMP_ZIPPER_KIT | Recipe Input: RC_MAT_BINDING_ROPE | Research Supply Cost: Camp | Research Supply Cost: Tools | Research Supply Cost: Finishing | ...
MAT_BRICK_FIRED,Fired Brick,Material,1,Uncommon,Crafted,Crafted at: Kiln Furnace,Kiln Furnace,—,Build,Field Manual Table 23 - Material Compendium,Recipe Output: RC_MAT_BRICK_FIRED | Recipe Input: RC_MAT_CERAMIC_CRUCIBLE
MAT_FLUX_PEBBLE,Flux Pebble,Material,0,Uncommon,Found / Drops,Found via: Node_Fluxstone,,—,Process,Field Manual Table 23 - Material Compendium,Recipe Input: RC_AMO_DMR | Recipe Input: RC_CMP_FASTENER_SET | Recipe Input: RC_CMP_PLATE_PANEL | Recipe Input: RC_CMP_RIVET_SET | Recipe Input: RC_CMP_SCREW_SET | Recipe Input: RC_CMP_SOLDER_WIRE | Recipe Input: REC_004 | Recipe Input: REC_010 | Recipe Input: REC_011 | Recipe Input: REC_012 | Recipe Input: RC_MAT_GLASS_SHEET | Recipe Input: RC_MAT_GLASS_TUBE | ...
MAT_FROSTSPARK_CRYSTAL,Frostspark Crystal,Material,3,Rare,Found / Drops,Found via: Refine_From_FrostsparkNodule,,—,"Research,Install",Field Manual Table 23 - Material Compendium,Recipe Input: RC_WPN_BOLT_SNIPER | Recipe Input: REC_018
MAT_FROSTSPARK_NODULE,Frostspark Nodule,Material,3,Rare,Mined from: Frostspark nodes,Mined from: Frostspark nodes,,—,"Research,Build",Field Manual Table 23 - Material Compendium,
MAT_GLASS_BOTTLE,Glass Bottle,Material,1,Common,Found / Drops,Found via: Process_Glasswork,,—,Use,Field Manual Table 23 - Material Compendium,Recipe Input: RC_CON_CONTACT_CLEANER_CAN | Recipe Input: RC_CON_DEGREASER_SPRAY | Recipe Input: RC_CON_LUBE_PACKET | Recipe Input: RC_CON_LUBE_TUBE | Recipe Input: RC_CON_SOLVENT_BOTTLE | Recipe Input: RC_CON_THREADLOCK_VIAL
MAT_GLASS_DUST,Glass Dust,Material,1,Uncommon,Found / Drops,Found via: Process_Glasswork,,—,Use,Field Manual Table 23 - Material Compendium,Recipe Input: REC_002 | Recipe Input: RC_MAT_GLASS_SHEET | Recipe Input: RC_MAT_GLASS_TUBE
MAT_GLASS_SHARD,Glass Shard,Material,1,Common,Found / Drops,"Found via: Process_Glasswork,Refine_From_Glass",,—,"Use,Repair",Field Manual Table 23 - Material Compendium,Recipe Input: RC_CMP_GLASS_FIBER_SPOOL | Recipe Input: RC_CMP_GLASS_VIAL | Recipe Input: RC_CMP_LENS_BLANK | Recipe Input: RC_AMO_SHOTGUN
MAT_GLASSBARK_BARK,Glassbark Bark,Material,0,Common,Harvested,Harvested from: Glassbark trees,,—,"Build,Consume",Field Manual Table 23 - Material Compendium,
MAT_GLASSBARK_LOG,Glassbark Log,Material,0,Common,Harvested,Harvested from: Glassbark trees,,—,"Build,Repair,Fuel",Field Manual Table 23 - Material Compendium,Recipe Input: RC_MAT_GLASSBARK_PLANK | Recipe Input: RC_MAT_CHARCOAL_CHUNK
MAT_GLASSBARK_PLANK,Glassbark Plank,Material,0,Common,Crafted,Crafted at: Sawbench,Sawbench,—,"Build,Repair",Field Manual Table 23 - Material Compendium,Recipe Output: RC_MAT_GLASSBARK_PLANK | Research Supply Cost: Woodwork | Build Cost: Camp Workbench | Build Cost: Sawbench | Build Cost: Foundation | Build Cost: Floor | Build Cost: Wall | Build Cost: Ladder | Build Cost: Crate
MAT_GLASSBARK_SAP,Glassbark Sap Jar,Material,0,Common,Harvested,Harvested from: Glassbark trees,,—,"Repair,Use",Field Manual Table 23 - Material Compendium,
MAT_SAND_GRIT,Grit Sand,Material,0,Common,Found / Drops,Found via: Node_Stone,,—,"Build,Use",Field Manual Table 23 - Material Compendium,Recipe Input: RC_MAT_MORTAR_PASTE
MAT_LEATHER_SHEET,Leather Sheet,Material,1,Uncommon,Found / Drops,Found via: Process_Tanning,,—,"Build,Repair",Field Manual Table 23 - Material Compendium,Recipe Input: RC_CMP_LEATHER_ROLL | Recipe Input: RC_EQP_LIGHT_ARMOR_VEST
MAT_LIME_POWDER,Lime Powder,Material,1,Uncommon,Found / Drops,Found via: Process_Masonry,,—,"Build,Use",Field Manual Table 23 - Material Compendium,Recipe Input: RC_MAT_MORTAR_PASTE | Recipe Input: RC_MAT_CERAMIC_PIPE | Recipe Input: RC_MAT_CERAMIC_TILE | Recipe Input: RC_CMP_CERAMIC_FILTER_CORE
MAT_MAGNET_GRAIN,Magnet Grain,Material,2,Uncommon,Mined from: Magnet nodes,Mined from: Magnet nodes,,—,"Build,Repair",Field Manual Table 23 - Material Compendium,Recipe Input: REC_002 | Recipe Input: REC_012 | Recipe Input: RC_CMP_CONTACT_PIN_SET | Recipe Input: RC_CMP_FUSE_PACK | Recipe Input: RC_CMP_SAFETY_WIRE_SPOOL | Recipe Input: RC_AMO_RIFLE
MAT_MAGNET_INGOT,Magnet Ingot,Material,2,Uncommon,Found / Drops,Found via: Refine_From_MagnetGrain,,—,"Build,Repair",Field Manual Table 23 - Material Compendium,Recipe Input: RC_CMP_HEATSINK_BLOCK | Recipe Input: RC_EQP_HATCHET_T2 | Recipe Input: RC_EQP_HATCHET_T2 | Recipe Input: RC_EQP_HATCHET_T3 | Recipe Input: RC_EQP_HATCHET_T3 | Recipe Input: RC_EQP_PICKAXE_T2 | Recipe Input: RC_EQP_PICKAXE_T2 | Recipe Input: RC_EQP_PICKAXE_T3 | Recipe Input: RC_EQP_PICKAXE_T3 | Recipe Input: RC_CMP_CAPACITOR_BANK | Recipe Input: RC_CON_BATTERY_CELL | Recipe Input: RC_AMO_SNIPER | ...
MAT_MORTAR_PASTE,Mortar Paste,Material,1,Uncommon,Crafted,Crafted at: Camp Workbench,Camp Workbench,—,"Build,Repair",Field Manual Table 23 - Material Compendium,Recipe Output: RC_MAT_MORTAR_PASTE | Recipe Input: RC_MAT_STONE_BRICK | Research Supply Cost: Ceramics | Build Cost: Cookfire | Build Cost: Anvil Forge | Build Cost: Kiln Furnace | Build Cost: Kiln Oven | Build Cost: Foundation
MAT_PITCH_JAR,Pitch Jar,Material,2,Rare,Found / Drops,Found via: Process_Chemistry,,—,"Repair,Use",Field Manual Table 23 - Material Compendium,Recipe Input: RC_CON_CONTACT_CLEANER_CAN | Recipe Input: RC_CON_DEGREASER_SPRAY | Recipe Input: RC_CON_SOLVENT_BOTTLE | Recipe Input: RC_MAT_GLASS_TEMPERED | Recipe Input: RC_CMP_CONDUCTIVE_PASTE | Recipe Input: RC_CMP_SEALANT_TUBE | Recipe Input: RC_AMO_PISTOL | Recipe Input: RC_AMO_SHOTGUN | Research Supply Cost: Cooking | Research Supply Cost: Chemistry | Research Supply Cost: Thermal
MAT_POLYMER_FLAKES,Polymer Flakes,Material,1,Common,Found / Drops,"Found via: POI_Wreck,Vendor",,—,"Build,Repair",Field Manual Table 23 - Material Compendium,Recipe Input: RC_AMO_SUBSONIC_PISTOL | Recipe Input: RC_CMP_ADHESIVE_CARTRIDGE | Recipe Input: RC_CMP_CABLE_TIE_BUNDLE | Recipe Input: RC_CMP_GASKET_SHEET | Recipe Input: RC_CMP_SEALANT_TUBE | Recipe Input: REC_001 | Recipe Input: REC_013
MAT_RAZOR_SHARD,Razor Shard,Material,1,Common,Found / Drops,Found via: Node_Razorstone,,—,"Build,Repair",Field Manual Table 23 - Material Compendium,Recipe Input: RC_CMP_GASKET_CUTOUT_SET | Recipe Input: RC_CMP_GASKET_RING | Recipe Input: RC_AMO_PISTOL | Recipe Input: REC_017
MAT_RESIN_NODULE,Resin Nodule,Material,0,Uncommon,Harvested,"Harvested from: Asterbark,Glassbark trees",,—,"Repair,Process",Field Manual Table 23 - Material Compendium,Recipe Input: RC_CON_THREADLOCK_VIAL | Recipe Input: RC_CMP_ADHESIVE_CARTRIDGE | Research Supply Cost: Polymers | Research Supply Cost: Tanning
MAT_ROPE_REEL,Rope Reel,Material,1,Uncommon,Crafted,Crafted at: Camp Workbench,Camp Workbench,—,"Build,Repair",Field Manual Table 23 - Material Compendium,Recipe Output: RC_MAT_ROPE_REEL
MAT_RUBBER_STRIP,Rubber Strip,Material,1,Common,Found / Drops,"Found via: POI_Wreck,Vendor",,—,"Repair,Build",Field Manual Table 23 - Material Compendium,Recipe Input: RC_EQP_RESPIRATOR | Recipe Input: RC_CMP_HOSE_CLAMP | Recipe Input: RC_CMP_HOSE_SECTION | Recipe Input: RC_CMP_PIPE_SECTION | Recipe Input: RC_CMP_ARMOR_PLATE_INSERT | Recipe Input: RC_CMP_GASKET_SHEET | Recipe Input: RC_CMP_O_RING_KIT | Recipe Input: REC_013 | Recipe Input: RC_ATT_STOCK_PAD | Recipe Input: RC_WPN_PUMP_SHOTGUN | Recipe Input: RC_WPN_SERVICE_PISTOL | Recipe Input: REC_021
MAT_SCRAP_METAL,Scrap Metal,Material,0,Common,Found / Drops,"Found via: Node_Scrap,POI_Wreck",,—,"Build,Repair",Field Manual Table 23 - Material Compendium,Recipe Input: RC_AMO_DMR | Recipe Input: RC_AMO_SUBSONIC_PISTOL | Recipe Input: RC_CMP_FASTENER_SET | Recipe Input: RC_CMP_HOSE_CLAMP | Recipe Input: RC_CMP_HOSE_SECTION | Recipe Input: RC_CMP_PIPE_SECTION | Recipe Input: RC_CMP_PLATE_PANEL | Recipe Input: RC_CMP_RIVET_SET | Recipe Input: RC_CMP_SCREW_SET | Recipe Input: REC_002 | Recipe Input: REC_004 | Recipe Input: REC_010 | ...
MAT_GRAVEL_SHARP,Sharp Gravel,Material,0,Common,Found / Drops,Found via: Node_Stone,,—,"Build,Repair",Field Manual Table 23 - Material Compendium,
MAT_SLAGROOT_BARK,Slagroot Bark,Material,1,Uncommon,Harvested,Harvested from: Slagroot trees,,—,"Build,Consume",Field Manual Table 23 - Material Compendium,
MAT_SLAGROOT_LOG,Slagroot Log,Material,1,Common,Harvested,Harvested from: Slagroot trees,,—,"Build,Repair,Fuel",Field Manual Table 23 - Material Compendium,Recipe Input: RC_MAT_SLAGROOT_PLANK
MAT_SLAGROOT_PLANK,Slagroot Plank,Material,1,Common,Crafted,Crafted at: Sawbench,Sawbench,—,"Build,Repair",Field Manual Table 23 - Material Compendium,Recipe Output: RC_MAT_SLAGROOT_PLANK
MAT_SLAGROOT_SAP,Slagroot Sap Jar,Material,0,Common,Harvested,Harvested from: Slagroot trees,,—,"Repair,Use,Fuel",Field Manual Table 23 - Material Compendium,
MAT_SOUR_BRINE_JAR,Sour Brine Jar,Material,0,Uncommon,Found / Drops,Found via: Node_BrinePool,,—,"Use,Process",Field Manual Table 23 - Material Compendium,Recipe Input: RC_CON_CONTACT_CLEANER_CAN | Recipe Input: RC_CON_DEGREASER_SPRAY | Recipe Input: RC_CON_SOLVENT_BOTTLE | Recipe Input: RC_FOD_HOT_PORRIDGE | Recipe Input: RC_FOD_TUBER_STEW | Recipe Input: RC_CMP_TANNING_SALTS
MAT_SPARKSTONE_CORE,Sparkstone Core,Material,1,Rare,Found / Drops,Found via: Node_Razorstone,,—,Use,Field Manual Table 23 - Material Compendium,Build Cost: Sawbench | Build Cost: Grinder
MAT_SPARKSTONE_SHARD,Sparkstone Shard,Material,0,Uncommon,Found / Drops,Found via: Node_Razorstone,,—,Use,Field Manual Table 23 - Material Compendium,Recipe Input: RC_CMP_CONDUCTIVE_PASTE
MAT_STONE_BRICK,Stone Brick,Material,1,Uncommon,Crafted,Crafted at: Kiln Furnace,Kiln Furnace,—,Build,Field Manual Table 23 - Material Compendium,Recipe Output: RC_MAT_STONE_BRICK
MAT_STONE_CHUNK,Stone Chunk,Material,0,Common,Found / Drops,Found via: Node_Stone,,—,"Build,Repair",Field Manual Table 23 - Material Compendium,
MAT_STONE_DUST,Stone Dust,Material,0,Common,Found / Drops,Found via: Process_Masonry,,—,"Build,Use",Field Manual Table 23 - Material Compendium,
MAT_STRIKE_CHIP,Strike Chip,Material,0,Common,Found / Drops,Found via: Node_Razorstone,,—,Use,Field Manual Table 23 - Material Compendium,Recipe Input: RC_AMO_DMR | Recipe Input: RC_AMO_SUBSONIC_PISTOL | Recipe Input: RC_AMO_PISTOL | Recipe Input: RC_AMO_RIFLE | Recipe Input: RC_AMO_SHOTGUN | Recipe Input: RC_AMO_SNIPER | Recipe Input: REC_017 | Recipe Input: REC_018 | Research Supply Cost: Ammo | Research Supply Cost: Ammo Pistol | Research Supply Cost: Ammo Rifle | Research Supply Cost: Ammo | ...
MAT_SUNWIRE_INGOT,Sunwire Ingot,Material,2,Uncommon,Found / Drops,Found via: Refine_From_SunwireVein,,—,"Build,Repair",Field Manual Table 23 - Material Compendium,Recipe Input: RC_CMP_SOLDER_WIRE | Recipe Input: RC_CMP_CONTACT_PIN_SET | Recipe Input: RC_CMP_WIRE_COIL | Recipe Input: RC_CMP_CAPACITOR_BANK | Recipe Input: RC_CMP_FUSE_PACK | Recipe Input: RC_CMP_SAFETY_WIRE_SPOOL
MAT_SUNWIRE_VEIN,Sunwire Vein,Material,3,Uncommon,Mined from: Sunwire nodes,Mined from: Sunwire nodes,,—,"Build,Repair",Field Manual Table 23 - Material Compendium,
MAT_TAR_GLOB,Tar Glob,Material,0,Uncommon,Found / Drops,Found via: Node_TarSeep,,—,"Fuel,Repair,Process",Field Manual Table 23 - Material Compendium,Recipe Input: RC_CON_LUBE_PACKET | Recipe Input: RC_CON_LUBE_TUBE | Recipe Input: RC_CON_THREADLOCK_VIAL | Recipe Input: RC_CMP_ADHESIVE_CARTRIDGE
MAT_GLASS_TEMPERED,Tempered Glass Sheet,Material,3,Rare,Crafted,Crafted at: Kiln Furnace,Kiln Furnace,—,"Build,Install",Field Manual Table 23 - Material Compendium,Recipe Output: RC_MAT_GLASS_TEMPERED | Build Cost: Solar Array
MAT_VELVETSPINE_BARK,Velvetspine Bark,Material,2,Uncommon,Harvested,Harvested from: Velvetspine trees,,—,"Research,Consume",Field Manual Table 23 - Material Compendium,
MAT_VELVETSPINE_LOG,Velvetspine Log,Material,2,Common,Harvested,Harvested from: Velvetspine trees,,—,"Build,Repair",Field Manual Table 23 - Material Compendium,Recipe Input: RC_MAT_VELVETSPINE_PLANK
MAT_VELVETSPINE_PLANK,Velvetspine Plank,Material,2,Common,Crafted,Crafted at: Sawbench,Sawbench,—,"Build,Repair",Field Manual Table 23 - Material Compendium,Recipe Output: RC_MAT_VELVETSPINE_PLANK | Recipe Input: RC_EQP_HATCHET_T1 | Recipe Input: RC_EQP_HATCHET_T2 | Recipe Input: RC_EQP_HATCHET_T2 | Recipe Input: RC_EQP_HATCHET_T3 | Recipe Input: RC_EQP_HATCHET_T3 | Recipe Input: RC_EQP_PICKAXE_T1 | Recipe Input: RC_EQP_PICKAXE_T2 | Recipe Input: RC_EQP_PICKAXE_T2 | Recipe Input: REC_015 | Recipe Input: REC_021
MAT_VELVETSPINE_SAP,Velvetspine Sap Jar,Material,0,Common,Harvested,Harvested from: Velvetspine trees,,—,"Repair,Use",Field Manual Table 23 - Material Compendium,
MAT_VITRIFIED_NODULE,Vitrified Nodule,Material,1,Uncommon,Found / Drops,Found via: Node_VitrifiedField,,—,"Process,Use",Field Manual Table 23 - Material Compendium,
MAT_VOIDFILAMENT_STRAND,Voidfilament Strand,Material,5,Epic,Found / Drops,"Found via: POI_Remnant,Tier>=5",,—,"Research,Build",Field Manual Table 23 - Material Compendium,Recipe Input: RC_AMO_SNIPER
MAT_WAX_CLUMP,Wax Clump,Material,0,Common,Found / Drops,"Found via: Hunt_NestCrawlers,POI_WildNest",,—,"Seal,Repair",Field Manual Table 23 - Material Compendium,Recipe Input: RC_CON_LUBE_PACKET | Recipe Input: RC_CON_LUBE_TUBE | Recipe Input: RC_CON_ABRASIVE_GRIT_BAG | Recipe Input: RC_CON_ABRASIVE_PAD | Recipe Input: RC_CON_POLISH_PASTE | Recipe Input: RC_CMP_CABLE_TIE_BUNDLE | Recipe Input: RC_CMP_HEATSHRINK_SLEEVE | Recipe Input: RC_CMP_O_RING_KIT | Recipe Input: RC_CMP_SEALANT_TUBE | Recipe Input: RC_CMP_WIRE_SLEEVE | Recipe Input: REC_001 | Recipe Input: REC_013 | ...
MAT_WOOD_ASH_BAG,Wood Ash Bag,Material,1,Common,Crafted,Crafted at: Kiln Furnace,Kiln Furnace,—,"Use,Build",Field Manual Table 23 - Material Compendium,Recipe Input: RC_FOD_JERKY_STRIP | Recipe Input: RC_MAT_BRICK_FIRED | Recipe Output: RC_MAT_WOOD_ASH_BAG | Recipe Input: RC_CMP_TANNING_SALTS
REF_ELECTRONICS_DIAGNOSTIC_TESTER,Electronics Diagnostic Tester,Reference Component,,,Found,"Avionics wrecks, comms relay debris",,,A handheld tester used to validate circuits and power routing.,Field Manual Table 0 - Reference Components Catalog,Research Component: Electronics
REF_ENCRYPTED_CORE_CAPSULE,Encrypted Core Capsule,Reference Component,,,Found,"Remnant sites, elite enemies (rare)",,,A sealed capsule with encrypted engineering data.,Field Manual Table 0 - Reference Components Catalog,Research Component: Optics | Research Component: Ammo | Research Component: Remnant Systems Fab
REF_FORGE_DIE_SET,Forge Die Set,Reference Component,,,Found,"Engineering wrecks, machine rooms",,,"Heavy dies used to form brackets, fasteners, and simple hardware.",Field Manual Table 0 - Reference Components Catalog,Research Component: Metalwork
REF_GALLEY_BURNER_HEAD,Galley Burner Head,Reference Component,,,Found,"Galley wrecks, field kitchens",,,A burner assembly used to replicate reliable heat control.,Field Manual Table 0 - Reference Components Catalog,Research Component: Cooking
REF_GRINDING_WHEEL_CORE,Grinding Wheel Core,Reference Component,,,Found,"Workshops, tool cabinets, ridge outposts",,,A core spindle used to build a stable grinder.,Field Manual Table 0 - Reference Components Catalog,Research Component: Finishing
REF_INVERTER_MODULE,Inverter Module,Reference Component,,,Found,"Power module wrecks, solar arrays, relay sheds",,,A power conversion module used as the reference for the grid.,Field Manual Table 0 - Reference Components Catalog,Research Component: Powergrid | Research Component: Tools | Research Component: Armor | Research Component: Optics | Research Component: Firearms | Research Component: Muzzle | Research Component: Magazines | Research Component: Ammo | Research Component: Wpn Smg | Research Component: Wpn Carbine | Research Component: Wpn Dmr
REF_KILN_THERMOCOUPLE,Kiln Thermocouple,Reference Component,,,Found,"Ceramics labs, kiln sheds, thermal test sites",,,A sensor assembly used to stabilize kiln temperatures.,Field Manual Table 0 - Reference Components Catalog,Research Component: Ceramics
REF_MACHINE_BENCH_GUIDE_RAIL,Machine Bench Guide Rail,Reference Component,,,Found,"Machine benches in wrecks, fabrication bays",,,A precision rail that enables accurate machining and fitting.,Field Manual Table 0 - Reference Components Catalog,Research Component: Machining
REF_OPTICS_CALIBRATION_PRISM,Optics Calibration Prism,Reference Component,,,Found,"Avionics wrecks, survey towers, labs",,,A prism used to calibrate lenses and sighting systems.,Field Manual Table 0 - Reference Components Catalog,Research Component: Optics | Research Component: Optics | Research Component: Optics
REF_POLYMER_EXTRUDER_NOZZLE,Polymer Extruder Nozzle,Reference Component,,,Found,"Polymer vats, lab storage, sealed lockers",,,A nozzle that proves the correct flow geometry for polymer sheets.,Field Manual Table 0 - Reference Components Catalog,Research Component: Polymers | Research Component: Tanning
REF_PRIMER_DIE_SET,Primer Die Set,Reference Component,,,Found,"Armory benches, field ammo kits",,,A die set that standardizes primers and casings.,Field Manual Table 0 - Reference Components Catalog,Research Component: Ammo | Research Component: Ammo Pistol | Research Component: Ammo Rifle | Research Component: Ammo | Research Component: Ammo
REF_REACTOR_GLASS_SET,Reactor Glass Set,Reference Component,,,Found,"Med bay wrecks, chemistry carts",,,Special glassware used for controlled chemical processing.,Field Manual Table 0 - Reference Components Catalog,Research Component: Chemistry
REF_RECEIVER_ALIGNMENT_JIG,Receiver Alignment Jig,Reference Component,,,Found,"Armory wrecks, security caches",,,A jig that ensures firearm receivers are aligned and safe to assemble.,Field Manual Table 0 - Reference Components Catalog,Research Component: Armory | Research Component: Firearms
REF_REMNANT_PRINTHEAD,Remnant Printhead,Reference Component,,,Found,"Remnant sites, trial vaults (rare)",,,A core assembly that allows the Remnant Printer to replicate high-precision parts.,Field Manual Table 0 - Reference Components Catalog,Research Component: Remnant Systems Fab
REF_SAWBLADE_PATTERN,Sawblade Pattern,Reference Component,,,Found,"Cargo crates near lumber stacks, rover bay wrecks",,,A template that lets your Engineer reproduce safe saw teeth geometry.,Field Manual Table 0 - Reference Components Catalog,Research Component: Woodwork
REF_SURVIVAL_MANUAL,Survival Manual (Ripped Edition),Reference Component,,,Found,"Crash seat packs, abandoned camps",,,A battered instruction booklet used as the reference model for early camp setups.,Field Manual Table 0 - Reference Components Catalog,Research Component: Camp | Research Component: Seals | Research Component: Field Kit | Research Component: Accessories
REF_THERMAL_COUPLER,Thermal Coupler,Reference Component,,,Found,"Thermal vent fields, sealed utility vaults",,,A coupler that interfaces with heat differentials for power and processing.,Field Manual Table 0 - Reference Components Catalog,Research Component: Thermal
REF_TOOLMAKING_JIG,Toolmaking Jig,Reference Component,,,Found,"Maintenance lockers, engineering wrecks",,,A clamping jig that shows how the original tool heads were shaped.,Field Manual Table 0 - Reference Components Catalog,Research Component: Camp | Research Component: Tools | Research Component: Woodwork | Research Component: Cooking | Research Component: Metalwork | Research Component: Ceramics | Research Component: Finishing | Research Component: Chemistry | Research Component: Polymers | Research Component: Seals | Research Component: Tanning | Research Component: Armory | ...
TEC_DATA_CORE,Data Core,Tech,4,Prototype,Found / Drops,"Found via: POI_Remnant,EliteEnemies",,—,"Research,Quest",Field Manual Table 32 - Tech Compendium,Research Supply Cost: Remnant Systems Fab | Build Cost: Remnant Printer
TEC_INTEL_FRAGMENT,Intel Fragment,Tech,0,Uncommon,Found / Drops,"Found via: POI_Any,FactionCaches",,—,"Quest,Research",Field Manual Table 32 - Tech Compendium,
TEC_REMNANT_MODULE,Remnant Module,Tech,5,Remnant,Found / Drops,"Found via: POI_Remnant,Tier>=5",,—,"Install,Research,Quest",Field Manual Table 32 - Tech Compendium,
ATT_4X_SCOPE,4X Scope,Uncataloged / Recipe Output,,,Crafted,Output of RC_ATT_4X_SCOPE,Electronics Bench,Optics,,Field Manual Table 20 - Electronics Bench Recipes,Recipe Output: RC_ATT_4X_SCOPE | Recipe Output: REC_020
WPN_BOLT_SNIPER,Bolt Sniper,Uncataloged / Recipe Output,,,Crafted,Output of RC_WPN_BOLT_SNIPER,Armory Bench,Optics,,Field Manual Table 22 - Armory Bench Recipes,Recipe Output: RC_WPN_BOLT_SNIPER
WPN_SMG_COMPACT,Compact SMG,Uncataloged / Recipe Output,,,Crafted,Output of RC_WPN_SMG_COMPACT,Machine Bench,Wpn Smg,,Field Manual Table 19 - Machine Bench Recipes,Recipe Output: RC_WPN_SMG_COMPACT | Recipe Output: REC_014
ATT_COMPENSATOR,Compensator,Uncataloged / Recipe Output,,,Crafted,Output of RC_ATT_COMPENSATOR,Armory Bench,Muzzle,,Field Manual Table 22 - Armory Bench Recipes,Recipe Output: RC_ATT_COMPENSATOR
AMO_DMR,DMR Rounds,Uncataloged / Recipe Output,,,Crafted,Output of RC_AMO_DMR,Anvil Forge,Ammo Rifle,,Field Manual Table 15 - Anvil Forge Recipes,Recipe Output: RC_AMO_DMR
ATT_EXT_MAG,Ext Mag,Uncataloged / Recipe Output,,,Crafted,Output of RC_ATT_EXT_MAG,Armory Bench,Magazines,,Field Manual Table 22 - Armory Bench Recipes,Recipe Output: RC_ATT_EXT_MAG
WPN_DMR,Marksman Rifle,Uncataloged / Recipe Output,,,Crafted,Output of RC_WPN_DMR,Machine Bench,Wpn Dmr,,Field Manual Table 19 - Machine Bench Recipes,Recipe Output: RC_WPN_DMR | Recipe Output: REC_016
AMO_PISTOL,Pistol Rounds,Uncataloged / Recipe Output,,,Crafted,Output of RC_AMO_PISTOL,Armory Bench,Ammo,,Field Manual Table 22 - Armory Bench Recipes,Recipe Output: RC_AMO_PISTOL
WPN_PUMP_SHOTGUN,Pump Shotgun,Uncataloged / Recipe Output,,,Crafted,Output of RC_WPN_PUMP_SHOTGUN,Armory Bench,Firearms,,Field Manual Table 22 - Armory Bench Recipes,Recipe Output: RC_WPN_PUMP_SHOTGUN
ATT_RED_DOT,Red Dot,Uncataloged / Recipe Output,,,Crafted,Output of RC_ATT_RED_DOT,Electronics Bench,Optics,,Field Manual Table 20 - Electronics Bench Recipes,Recipe Output: RC_ATT_RED_DOT | Recipe Output: REC_019
WPN_CARBINE,Rifle Carbine,Uncataloged / Recipe Output,,,Crafted,Output of RC_WPN_CARBINE,Machine Bench,Wpn Carbine,,Field Manual Table 19 - Machine Bench Recipes,Recipe Output: RC_WPN_CARBINE
AMO_RIFLE,Rifle Rounds,Uncataloged / Recipe Output,,,Crafted,Output of RC_AMO_RIFLE,Armory Bench,Ammo,,Field Manual Table 22 - Armory Bench Recipes,Recipe Output: RC_AMO_RIFLE
WPN_SERVICE_PISTOL,Service Pistol,Uncataloged / Recipe Output,,,Crafted,Output of RC_WPN_SERVICE_PISTOL,Armory Bench,Firearms,,Field Manual Table 22 - Armory Bench Recipes,Recipe Output: RC_WPN_SERVICE_PISTOL
AMO_SHOTGUN,Shotgun Shells,Uncataloged / Recipe Output,,,Crafted,Output of RC_AMO_SHOTGUN,Armory Bench,Ammo,,Field Manual Table 22 - Armory Bench Recipes,Recipe Output: RC_AMO_SHOTGUN
AMO_SNIPER,Sniper Rounds,Uncataloged / Recipe Output,,,Crafted,Output of RC_AMO_SNIPER,Armory Bench,Ammo,,Field Manual Table 22 - Armory Bench Recipes,Recipe Output: RC_AMO_SNIPER
ATT_STOCK_PAD,Stock Pad,Uncataloged / Recipe Output,,,Crafted,Output of RC_ATT_STOCK_PAD,Armory Bench,Accessories,,Field Manual Table 22 - Armory Bench Recipes,Recipe Output: RC_ATT_STOCK_PAD
AMO_SUBSONIC_PISTOL,Subsonic Pistol Rounds,Uncataloged / Recipe Output,,,Crafted,Output of RC_AMO_SUBSONIC_PISTOL,Anvil Forge,Ammo Pistol,,Field Manual Table 15 - Anvil Forge Recipes,Recipe Output: RC_AMO_SUBSONIC_PISTOL
ATT_SUPPRESSOR,Suppressor,Uncataloged / Recipe Output,,,Crafted,Output of RC_ATT_SUPPRESSOR,Armory Bench,Muzzle,,Field Manual Table 22 - Armory Bench Recipes,Recipe Output: RC_ATT_SUPPRESSOR
FOD_MRE,MRE,Food,0,Uncommon,Found,Sealed Earth-origin crash rations; intact shipboard stores from crash remnants,,,SafeKnown by default; early-game food safety floor unless packaging is breached.,Merge Patch v1.17 / food provenance patch,Changelog addition
FOD_SHIPBOARD_FOOD,Intact Shipboard Food,Food,0,Common,Found,Crashed ship remnants with intact packaging,,,SafeKnown Earth-origin food; bypasses Unknown food classification while sealed.,Merge Patch v1.17 / food provenance patch,Changelog addition
FOD_POTATO_EARTH,Potato,Food / Crop,0,Common,Farmed / Found,Imported Earth crop baseline; can be planted and propagated safely,,,Baseline-safe Earth crop until cross-contamination accumulates.,Merge Patch v1.17 / food provenance patch,Changelog addition
FOD_POTATO_MUTATED,Mutated Potato Variant,Food / Crop,1,Variant,Mutated / Farmed,Created when potato crops exceed contamination tolerance via soil/water/spore/farming cross-contamination,,,"Can alter yield, toxicity, or nutrition once mutation threshold is crossed.",Merge Patch v1.17 / crop mutation patch,Changelog addition
EQP_BEAST_RESPIRATOR,Beast Respirator,Equipment,2,Uncommon,Crafted,Added in changelog for hazard-belt mount logistics,Unspecified in changelog,,Required for domesticated animals operating in toxic hazard-belt logistics.,Merge Patch v1.17 / biome & ecology patches,Changelog addition
EQP_HEAVY_BARDING,Heavy Barding,Equipment,2,Uncommon,Crafted,Added in changelog for hazard-belt mount logistics,Unspecified in changelog,,Protective mount gear required alongside Beast Respirator in hazardous late-game belts.,Merge Patch v1.17 / biome & ecology patches,Changelog addition
EQP_DRAG_SLED,Drag Sled,Equipment / Logistics,0,Common,Crafted,Tier 0 hauling tool added in changelog,Unspecified in changelog,,Used to haul quartered megafauna yields and other bulk loads.,Merge Patch v1.17 / field dressing & sleds,Changelog addition
EQP_TRAVOIS,Travois,Equipment / Logistics,0,Common,Crafted,Primitive hauling tool added in changelog,Unspecified in changelog,,Primitive drag-haul solution for bulk goods and carcass quarters.,Merge Patch v1.17 / field dressing & sleds,Changelog addition
MAT_BULK_MEAT_SACK,Bulk Meat Sack,Material / Food Logistics,0,Common,Harvested / Crafted by field dressing,Produced when megafauna are quartered in the field,Field Dressing,,Bulk meat haul unit for sled/travois transport.,Merge Patch v1.17 / field dressing & sleds,Changelog addition
PLACE_CONSTRUCTION_DEPOT,Construction Depot,Buildable / Logistics,0,—,Built,Added in changelog as temporary logistics bridge structure,Build Mode,,Directs Porter AI to mass-haul construction materials to a work zone.,Merge Patch v1.17 / physical space patches,Changelog addition
PLACE_AMMUNITION_LOCKER,Ammunition Locker,Buildable / Storage,1,—,Built,Added in changelog as ammo logistics bridge structure,Build Mode,,"Centralizes ammo inputs so Armory Bench can pull casings, powders, chips, charcoal, and specialty parts from one store.",Merge Patch v1.17 / crafting tree continuity fix,Changelog addition
PLACE_EMERGENCY_WEAPON_RACK,Emergency Weapon Rack,Buildable / Defense,1,—,Built,Added in changelog raid-defense patch,Build Mode,,Pre-stocked rack civilians path to during alarms to grab militia kits.,Merge Patch v1.17 / base defense & raid AI,Changelog addition
KIT_MILITIA_BASIC,Militia Kit,Weapon Kit,1,—,Prepared / Retrieved during alarms,Stored in Emergency Weapon Racks,Emergency Weapon Rack loadout,,Contains a weapon with a single pre-loaded magazine for civilian defense response.,Merge Patch v1.17 / base defense & raid AI,Changelog addition
EQP_SCAVENGER_COMPOSITE_VEST,Scavenger Composite Vest,Equipment / Armor,3,Uncommon,Crafted,Added in changelog as dirty alternative armor path,Machine Bench (implied),Armor,Lower-protection alternative that avoids hard chemistry dead-end.,Merge Patch v1.17 / crafting tree continuity fix,Changelog addition
EQP_BOILED_LEATHER_VEST,Boiled Leather Vest,Equipment / Armor,1,Common,Crafted,Added in changelog as armor progression bridge,Camp Workbench / mid-game bridge (implied),Tanning / Armor,Mid-game armor bridge using hides/leather rather than advanced chemistry.,Merge Patch v1.17 / world economy & logistics patches,Changelog addition
CMP_SCRAP_PLASTIC_TUB,Scrap Plastic Tub,Component / Container,0,Common,Found / Crafted,Scavenge-friendly Tier 0 container replacement for glass bottle soft-lock fix,,,Tier 0 substitute container for degreaser/threadlock/lube chains.,Merge Patch v1.17 / crafting tree continuity fix,Changelog addition
CMP_RESIN_POUCH,Resin Pouch,Component / Container,0,Common,Crafted,Tier 0 container alternative from changelog,Camp Workbench (implied),,Low-tech pouch alternative replacing early glass bottle dependency.,Merge Patch v1.17 / crafting tree continuity fix,Changelog addition
CMP_GOURD_POUCH,Gourd Pouch,Component / Container,0,Common,Crafted,Tier 0 container alternative from changelog,Camp Workbench (implied),,Natural container alternative replacing early glass bottle dependency.,Merge Patch v1.17 / crafting tree continuity fix,Changelog addition
WPN_SERVICE_PISTOL,WPN_SERVICE_PISTOL — Service Pistol,Weapon,2,Common,Crafted; POI salvage; faction loot,Armory / wrecks / faction stockpiles,ST_ARMORY_BENCH,TECH_FIREARMS_T1,"Sidearm / emergency defense; uses AMO_PISTOL; recipe RC_WPN_SERVICE_PISTOL. A service-sidearm built for close work. Easy to carry, quick to present, and dependable when a primary weapon is empty, jammed, or too loud to risk.",v1.2 Armory Integration; Items/Loot weapon tables; Crafting Guidebook; v8 optics/sniper patch,Recipe Output: RC_WPN_SERVICE_PISTOL | Weapon Stats | Salvage/Dismantle | Combat math
WPN_SMG_COMPACT,WPN_SMG_COMPACT — Compact SMG,Weapon,3,Uncommon,Crafted; POI salvage; faction loot,Armory / wrecks / faction stockpiles,ST_ARMORY_BENCH / ST_MACHINE_BENCH alternate,TECH_FIREARMS_T1 / TECH_WPN_SMG,"Close-quarters suppression; uses AMO_SMG; recipe REC_014 / RC_WPN_SMG_COMPACT. A compact automatic weapon meant for interior fights, breach defense, and panicked civilian militia use. It burns ammunition quickly but can stop rushes before they reach the line.",v1.2 Armory Integration; Items/Loot weapon tables; Crafting Guidebook; v8 optics/sniper patch,Recipe Output: REC_014 / RC_WPN_SMG_COMPACT | Weapon Stats | Salvage/Dismantle | Combat math
WPN_CARBINE,WPN_CARBINE — Rifle Carbine,Weapon,3,Uncommon,Crafted; POI salvage; faction loot,Armory / wrecks / faction stockpiles,ST_ARMORY_BENCH / ST_MACHINE_BENCH alternate,TECH_FIREARMS_T1 / TECH_WPN_CARBINE,"General-purpose patrol rifle; uses AMO_RIFLE; recipe REC_015 / RC_WPN_CARBINE. A general-purpose rifle carbine balanced for patrol, escort, and base defense. It is the first weapon that makes soldiers feel properly equipped.",v1.2 Armory Integration; Items/Loot weapon tables; Crafting Guidebook; v8 optics/sniper patch,Recipe Output: REC_015 / RC_WPN_CARBINE | Weapon Stats | Salvage/Dismantle | Combat math
WPN_DMR,WPN_DMR — Marksman Rifle,Weapon,4,Rare,Crafted; POI salvage; faction loot,Armory / wrecks / faction stockpiles,ST_ARMORY_BENCH / ST_MACHINE_BENCH alternate,TECH_OPTICS_T1 / TECH_WPN_DMR,"Mid-long range overwatch; uses AMO_DMR; recipe REC_016 / RC_WPN_DMR. A semi-automatic precision rifle meant to pick targets before they close. It rewards steady aim, clean sight lines, and trained military survivors.",v1.2 Armory Integration; Items/Loot weapon tables; Crafting Guidebook; v8 optics/sniper patch,Recipe Output: REC_016 / RC_WPN_DMR | Weapon Stats | Salvage/Dismantle | Combat math
WPN_PUMP_SHOTGUN,WPN_PUMP_SHOTGUN — Pump Shotgun,Weapon,3,Uncommon,Crafted; POI salvage; faction loot,Armory / wrecks / faction stockpiles,ST_ARMORY_BENCH,TECH_FIREARMS_T1,"Breach defense / predator panic tool; uses AMO_SHOTGUN; recipe RC_WPN_PUMP_SHOTGUN. A pump-action shotgun designed for brutal close engagements. It is loud enough to attract trouble, but it can end a breach at arm’s length.",v1.2 Armory Integration; Items/Loot weapon tables; Crafting Guidebook; v8 optics/sniper patch,Recipe Output: RC_WPN_PUMP_SHOTGUN | Weapon Stats | Salvage/Dismantle | Combat math
WPN_BOLT_SNIPER,WPN_BOLT_SNIPER — Bolt Sniper,Weapon,5,Epic,Crafted; POI salvage; faction loot,Armory / wrecks / faction stockpiles,ST_ARMORY_BENCH,"TECH_OPTICS_T1, TECH_FIREARMS_T1","High-impact precision rifle; uses AMO_SNIPER; recipe REC_013. A bolt-action precision rifle for long-range picks. It is slow, punishing, and expensive, but the first true answer to hard targets outside carbine range.",v1.2 Armory Integration; Items/Loot weapon tables; Crafting Guidebook; v8 optics/sniper patch,Recipe Output: REC_013 | Weapon Stats | Salvage/Dismantle | Combat math
WPN_LONGRANGE_SNIPER,WPN_LONGRANGE_SNIPER — Long-Range Sniper,Weapon,6,Prototype,Crafted; POI salvage; faction loot,Armory / wrecks / faction stockpiles,ST_ARMORY_BENCH,"TECH_OPTICS_T2, TECH_FIREARMS_T1","Extreme-distance hard-target rifle; uses AMO_SNIPER; recipe REC_024 / RC_WPN_LONGRANGE_SNIPER. A long-range bolt-action sniper tuned for extreme distance. Heavy and slow to cycle, but optimized for high magnification optics and maximum penetration on hard targets.",v1.2 Armory Integration; Items/Loot weapon tables; Crafting Guidebook; v8 optics/sniper patch,Recipe Output: REC_024 / RC_WPN_LONGRANGE_SNIPER | Weapon Stats | Salvage/Dismantle | Combat math
AMO_PISTOL,AMO_PISTOL — Pistol Rounds,Ammo,1,Common,Crafted; POI salvage; faction loot,Armory / wrecks / faction stockpiles,ST_ARMORY_BENCH,TECH_AMMO_T1,"Batch 30; damage x1.0; AP +0.0; noise x1.0; kick x1.0. Standard pistol ammunition. Affordable, common, and adequate against unarmored threats.",v1.2 Armory Integration; Items/Loot weapon tables; Crafting Guidebook; v8 optics/sniper patch,Recipe Output: RC_AMO_PISTOL | Ammo Stats | Salvage/Grind | Combat math
AMO_SMG,AMO_SMG — SMG Rounds,Ammo,1,Common,Crafted; POI salvage; faction loot,Armory / wrecks / faction stockpiles,ST_ARMORY_BENCH,TECH_AMMO_T1,"Batch 30; damage x1.0; AP +0.0; noise x1.0; kick x1.0. Standard SMG rounds optimized for high-rate fire. Balanced damage, low armor penetration, and heavy consumption pressure.",v1.2 Armory Integration; Items/Loot weapon tables; Crafting Guidebook; v8 optics/sniper patch,Recipe Output: REC_017 | Ammo Stats | Salvage/Grind | Combat math
AMO_SUBSONIC_PISTOL,AMO_SUBSONIC_PISTOL — Subsonic Pistol Rounds,Ammo,1,Uncommon,Crafted; POI salvage; faction loot,Armory / wrecks / faction stockpiles,ST_ANVIL_FORGE,TECH_AMMO_PISTOL,"Batch 18; damage x0.92; AP +0.0; noise x0.78; kick x0.98. Lower-report pistol ammunition for suppressed work. Damage falls slightly, but noise control can prevent a bad fight from becoming a raid magnet.",v1.2 Armory Integration; Items/Loot weapon tables; Crafting Guidebook; v8 optics/sniper patch,Recipe Output: RC_AMO_SUBSONIC_PISTOL | Ammo Stats | Salvage/Grind | Combat math
AMO_RIFLE,AMO_RIFLE — Rifle Rounds,Ammo,1,Uncommon,Crafted; POI salvage; faction loot,Armory / wrecks / faction stockpiles,ST_ARMORY_BENCH,TECH_AMMO_T1,Batch 20; damage x1.0; AP +0.04; noise x1.0; kick x1.05. Intermediate rifle ammunition used for patrol carbines. Strong general performance and widely supported.,v1.2 Armory Integration; Items/Loot weapon tables; Crafting Guidebook; v8 optics/sniper patch,Recipe Output: RC_AMO_RIFLE | Ammo Stats | Salvage/Grind | Combat math
AMO_DMR,AMO_DMR — DMR Rounds,Ammo,2,Rare,Crafted; POI salvage; faction loot,Armory / wrecks / faction stockpiles,ST_ANVIL_FORGE / ST_ARMORY_BENCH,TECH_AMMO_RIFLE / TECH_AMMO_T2,Batch 20 / 12; damage x1.05; AP +0.06; noise x1.05; kick x1.1. High-velocity rifle ammunition tuned for precision. Better range stability and armor pressure with a sharper recoil impulse.,v1.2 Armory Integration; Items/Loot weapon tables; Crafting Guidebook; v8 optics/sniper patch,Recipe Output: RC_AMO_DMR / REC_018 | Ammo Stats | Salvage/Grind | Combat math
AMO_SHOTGUN,AMO_SHOTGUN — Shotgun Shells,Ammo,1,Uncommon,Crafted; POI salvage; faction loot,Armory / wrecks / faction stockpiles,ST_ARMORY_BENCH,TECH_AMMO_T1,"Batch 12; damage x1.0; AP +0.02; noise x1.1; kick x1.15. Shotgun shells loaded for close-range stopping power. Effective in tight spaces, but loud and poor at distance.",v1.2 Armory Integration; Items/Loot weapon tables; Crafting Guidebook; v8 optics/sniper patch,Recipe Output: RC_AMO_SHOTGUN | Ammo Stats | Salvage/Grind | Combat math
AMO_SNIPER,AMO_SNIPER — Sniper Rounds,Ammo,3,Epic,Crafted; POI salvage; faction loot,Armory / wrecks / faction stockpiles,ST_ARMORY_BENCH,TECH_AMMO_T3,"Batch 8; damage x1.1; AP +0.1; noise x1.1; kick x1.12. Full-power precision ammunition intended for long shots and hard targets. Loud report and heavy recoil, but excellent penetration.",v1.2 Armory Integration; Items/Loot weapon tables; Crafting Guidebook; v8 optics/sniper patch,Recipe Output: RC_AMO_SNIPER | Ammo Stats | Salvage/Grind | Combat math
ATT_SUPPRESSOR,ATT_SUPPRESSOR — Suppressor,Attachment,2,Rare,Crafted; POI salvage; faction loot,Armory / wrecks / faction stockpiles,ST_ARMORY_BENCH,TECH_MUZZLE_T1,"Slot Muzzle; zoom 1x; spread x1.0; noise x0.62; recipe RC_ATT_SUPPRESSOR. Large noise reduction; slight vertical kick increase from backpressure. Critical for stealth hunts, but still not silent.",v1.2 Armory Integration; Items/Loot weapon tables; Crafting Guidebook; v8 optics/sniper patch,Recipe Output: RC_ATT_SUPPRESSOR | Attachment Stats | Salvage/Dismantle | Combat math
ATT_COMPENSATOR,ATT_COMPENSATOR — Compensator,Attachment,2,Uncommon,Crafted; POI salvage; faction loot,Armory / wrecks / faction stockpiles,ST_ARMORY_BENCH,TECH_MUZZLE_T1,"Slot Muzzle; zoom 1x; spread x1.0; noise x1.06; recipe RC_ATT_COMPENSATOR. Cuts vertical kick and improves follow-up control, but makes the weapon slightly louder.",v1.2 Armory Integration; Items/Loot weapon tables; Crafting Guidebook; v8 optics/sniper patch,Recipe Output: RC_ATT_COMPENSATOR | Attachment Stats | Salvage/Dismantle | Combat math
ATT_VERTICAL_GRIP,ATT_VERTICAL_GRIP — Vertical Grip,Attachment,1,Uncommon,Crafted; POI salvage; faction loot,Armory / wrecks / faction stockpiles,ST_CAMP_WORKBENCH / ST_ARMORY_BENCH,TECH_GRIP_T1 / TECH_ACCESSORIES_T0,Slot Underbarrel; zoom 1x; spread x0.92; noise x1.0; recipe RC_ATT_VERTICAL_GRIP / REC_021. Best early handling attachment. Reduces horizontal drift and moving spread; cheap enough to give to militia rifles.,v1.2 Armory Integration; Items/Loot weapon tables; Crafting Guidebook; v8 optics/sniper patch,Recipe Output: RC_ATT_VERTICAL_GRIP / REC_021 | Attachment Stats | Salvage/Dismantle | Combat math
ATT_STOCK_PAD,ATT_STOCK_PAD — Stock Pad,Attachment,1,Uncommon,Crafted; POI salvage; faction loot,Armory / wrecks / faction stockpiles,ST_ARMORY_BENCH,TECH_ACCESSORIES_T0,Slot Stock; zoom 1x; spread x1.0; noise x1.0; recipe RC_ATT_STOCK_PAD. Better shoulder weld; reduces kick and makes high-recoil weapons less punishing for average soldiers.,v1.2 Armory Integration; Items/Loot weapon tables; Crafting Guidebook; v8 optics/sniper patch,Recipe Output: RC_ATT_STOCK_PAD | Attachment Stats | Salvage/Dismantle | Combat math
ATT_EXT_MAG,ATT_EXT_MAG — Extended Magazine,Attachment,2,Rare,Crafted; POI salvage; faction loot,Armory / wrecks / faction stockpiles,ST_ARMORY_BENCH,TECH_MAGAZINES_T1,Slot Magazine; zoom 1x; spread x1.0; noise x1.0; recipe RC_ATT_EXT_MAG. Increases magazine capacity by 35% but reloads slightly slower. Best on SMGs and carbines assigned to chokepoints.,v1.2 Armory Integration; Items/Loot weapon tables; Crafting Guidebook; v8 optics/sniper patch,Recipe Output: RC_ATT_EXT_MAG | Attachment Stats | Salvage/Dismantle | Combat math
ATT_RED_DOT,ATT_RED_DOT — Red Dot Sight,Attachment,1,Uncommon,Crafted; POI salvage; faction loot,Armory / wrecks / faction stockpiles,ST_ELECTRONICS_BENCH / ST_ARMORY_BENCH,TECH_OPTICS_T0,Slot Optic; zoom 1x; spread x0.85; noise x1.0; recipe RC_ATT_RED_DOT / REC_019. Fast aiming optic. Applies spread reduction while aiming without adding meaningful magnification delay.,v1.2 Armory Integration; Items/Loot weapon tables; Crafting Guidebook; v8 optics/sniper patch,Recipe Output: RC_ATT_RED_DOT / REC_019 | Attachment Stats | Salvage/Dismantle | Combat math
ATT_4X_SCOPE,ATT_4X_SCOPE — 4X Scope,Attachment,2,Rare,Crafted; POI salvage; faction loot,Armory / wrecks / faction stockpiles,ST_ELECTRONICS_BENCH / ST_ARMORY_BENCH,TECH_OPTICS_T1,"Slot Optic; zoom 4x; spread x0.75; noise x1.0; recipe RC_ATT_4X_SCOPE / REC_020. Mid-range optic for carbines and DMRs. Improves aimed spread, but slows target acquisition.",v1.2 Armory Integration; Items/Loot weapon tables; Crafting Guidebook; v8 optics/sniper patch,Recipe Output: RC_ATT_4X_SCOPE / REC_020 | Attachment Stats | Salvage/Dismantle | Combat math
ATT_8X_SCOPE,ATT_8X_SCOPE — 8X Scope,Attachment,3,Epic,Crafted; POI salvage; faction loot,Armory / wrecks / faction stockpiles,ST_ELECTRONICS_BENCH / ST_ARMORY_BENCH,TECH_OPTICS_T2,Slot Optic; zoom 8x; spread x0.68; noise x1.0; recipe RC_ATT_8X_SCOPE / REC_022. High-magnification optic inserted by v1.2 because the v8 patch named it but the handoff tables omitted implementation stats. Balanced between 4X and 16X.,v1.2 Armory Integration; Items/Loot weapon tables; Crafting Guidebook; v8 optics/sniper patch,Recipe Output: RC_ATT_8X_SCOPE / REC_022 | Attachment Stats | Salvage/Dismantle | Combat math
ATT_16X_SCOPE,ATT_16X_SCOPE — 16X Scope,Attachment,4,Prototype,Crafted; POI salvage; faction loot,Armory / wrecks / faction stockpiles,ST_ELECTRONICS_BENCH / ST_ARMORY_BENCH,"TECH_OPTICS_T2, TECH_POWERGRID_T1",Slot Optic; zoom 16x; spread x0.62; noise x1.0; recipe RC_ATT_16X_SCOPE / REC_023. Extreme magnification optic. Best on long-range sniper rifles; strong aimed spread reduction but slow aim time and increased sway tuning.,v1.2 Armory Integration; Items/Loot weapon tables; Crafting Guidebook; v8 optics/sniper patch,Recipe Output: RC_ATT_16X_SCOPE / REC_023 | Attachment Stats | Salvage/Dismantle | Combat math
FOD_LATTICE_TUBER,Lattice Tuber,Food,0,Common,Harvested after classification,PLT_LATTICE_BULB / quarantine or production plots,—,Food classification / farming protocols,Native tuber food source. Preserve EdibilityState and provenance; raw risk depends on toxin profile.,v1.3 full sweep recovery from Items/Food source table,
FOD_MAWCAP_CAP,Mawcap Cap,Food,0,Common,Harvested after classification,PLT_MAWCAP_BLOOM / wet or fungal biomes,—,Food classification / farming protocols,Native cap food. Cooking improves safety; preserve raw/cooked risk fields.,v1.3 full sweep recovery from Items/Food source table,
FOD_NULLMINT_NODE,Nullmint Node,Food,0,Uncommon,Harvested after classification,PLT_NULLMINT_NODES / cold or shaded biomes,—,Food classification / farming protocols,Low-mass edible harvest with research-gated safety classification.,v1.3 full sweep recovery from Items/Food source table,
FOD_COURSER_MEAT,Courser Meat Cut,Food,1,Common,Butchered,ANI_RIDGE_COURSER carcass / hunting output,Cookfire for cooked variants,Hunting + food safety protocols,Raw meat cut. Cooking improves safety and shelf life.,v1.3 full sweep recovery from Items/Food source table,
FOD_DRAY_MEAT,Dray Meat Slab,Food,1,Common,Butchered,ANI_VAULTBACK_DRAY carcass / livestock or hunting output,Cookfire for cooked variants,Hunting/husbandry + food safety protocols,Heavy raw meat slab. Cooking improves safety and shelf life.,v1.3 full sweep recovery from Items/Food source table,
FOD_FIELD_RATION,Field Ration,Food,0,Common,Crash salvage / sealed ration stores,"GalleyWreck, LuggageWreck, survivor pods, ship ration crates",—,Safe-known if FoodOriginClass=EarthSealed/ShipRation and PackageIntegrity>0.80,Early safety-floor food; should bypass Unknown food classification when packaging is intact.,v1.3 full sweep recovery from Items/Food source table,
FOD_REED_PORRIDGE,Reed Porridge,Food,0,Common,Harvested / cooked,Spiral Reed food chain / cooking output,Cookfire,Cooking + plant classification,Basic cooked food from reed harvest; should be linked to food/cooking recipes.,v1.3 full sweep recovery from Items/Food source table,
CMP_FUSE_LINK_PACK,Fuse Link Pack,Component,1,Common,Crafted,Electronics chain; emergency power repairs,ST_ANVIL_FORGE,TECH_ELECTRONICS_T0,Legacy recipe output REC_002. Keep distinct from CMP_FUSE_PACK or remap intentionally; do not silently drop.,v1.3 full sweep recovery from crafting recipe source,
