Canonical Micro-Research Catalog v1.1,,,,,,,,,
Category,MicroResearchId,Family,TierPercent,DisplayName,Effect,Cost,Prereq,Repeatable,SourceCorrection
Woodcutting,MR_WOODCUTTING_BARK_SAFE_CUTS_5,Bark-Safe Cuts,5,Bark-Safe Cuts (5%),+5% bark recovery from felled trees.,Scrap Metal ×2; Clear Grit ×2,Woodcutting Skill 2+,Yes (stacks),Legacy legacy triple-digit percent rows normalized to ±15% where applicable
Woodcutting,MR_WOODCUTTING_BARK_SAFE_CUTS_7,Bark-Safe Cuts,7,Bark-Safe Cuts (7%),+7% bark recovery from felled trees.,Clear Grit ×2; Scrap Metal ×2,Woodcutting Skill 2+,Yes (stacks),Legacy legacy triple-digit percent rows normalized to ±15% where applicable
Woodcutting,MR_WOODCUTTING_EDGE_MAINTENANCE_5,Edge Maintenance,5,Edge Maintenance (5%),+5% axe durability.,Clear Grit ×2; Flux Pebble ×2,Tools Research completed,Yes (stacks),Legacy legacy triple-digit percent rows normalized to ±15% where applicable
Woodcutting,MR_WOODCUTTING_EDGE_MAINTENANCE_7,Edge Maintenance,7,Edge Maintenance (7%),+7% axe durability.,Clear Grit ×2; Binding Rope ×1,Tools Research completed,Yes (stacks),Legacy legacy triple-digit percent rows normalized to ±15% where applicable
Woodcutting,MR_WOODCUTTING_FELLING_RHYTHM_5,Felling Rhythm,5,Felling Rhythm (5%),+5% log cutting speed.,Binding Rope ×1; Fiber Bundle ×2,Woodcutting Skill 1+,Yes (stacks),Legacy legacy triple-digit percent rows normalized to ±15% where applicable
Woodcutting,MR_WOODCUTTING_FELLING_RHYTHM_7,Felling Rhythm,7,Felling Rhythm (7%),+7% log cutting speed.,Clear Grit ×2; Scrap Metal ×2,Woodcutting Skill 1+,Yes (stacks),Legacy legacy triple-digit percent rows normalized to ±15% where applicable
Woodcutting,MR_WOODCUTTING_LOG_SLING_5,Log Sling,5,Log Sling (5%),-5% stamina drain while carrying logs.,Flux Pebble ×2; Charcoal Chunk ×1,Woodcutting Skill 2+,Yes (stacks),Legacy legacy triple-digit percent rows normalized to ±15% where applicable
Woodcutting,MR_WOODCUTTING_LOG_SLING_7,Log Sling,7,Log Sling (7%),-7% stamina drain while carrying logs.,Clear Grit ×2; Scrap Metal ×2,Woodcutting Skill 2+,Yes (stacks),Legacy legacy triple-digit percent rows normalized to ±15% where applicable
Woodcutting,MR_WOODCUTTING_QUIET_CHOP_5,Quiet Chop,5,Quiet Chop (5%),-5% chopping noise radius (safer harvesting).,Flux Pebble ×2; Fiber Bundle ×2,Woodcutting Skill 3+,Yes (stacks),Legacy legacy triple-digit percent rows normalized to ±15% where applicable
Woodcutting,MR_WOODCUTTING_QUIET_CHOP_7,Quiet Chop,7,Quiet Chop (7%),-7% chopping noise radius (safer harvesting).,Scrap Metal ×2; Flux Pebble ×2,Woodcutting Skill 3+,Yes (stacks),Legacy legacy triple-digit percent rows normalized to ±15% where applicable
Woodcutting,MR_WOODCUTTING_BARK_SAFE_CUTS_10,Bark-Safe Cuts,10,Bark-Safe Cuts (10%),+10% bark recovery from felled trees.,Fiber Bundle ×2; Fastener Set ×1; Solder Wire Spool ×1,Woodcutting Skill 2+,Yes (stacks),Legacy legacy triple-digit percent rows normalized to ±15% where applicable
Woodcutting,MR_WOODCUTTING_EDGE_MAINTENANCE_10,Edge Maintenance,10,Edge Maintenance (10%),+10% axe durability.,Clear Grit ×2; Solder Wire Spool ×1; Terminal Block ×1,Tools Research completed,Yes (stacks),Legacy legacy triple-digit percent rows normalized to ±15% where applicable
Woodcutting,MR_WOODCUTTING_FELLING_RHYTHM_10,Felling Rhythm,10,Felling Rhythm (10%),+10% log cutting speed.,Scrap Metal ×2; Solder Wire Spool ×1; Fastener Set ×1,Woodcutting Skill 1+,Yes (stacks),Legacy legacy triple-digit percent rows normalized to ±15% where applicable
Woodcutting,MR_WOODCUTTING_LOG_SLING_10,Log Sling,10,Log Sling (10%),-10% stamina drain while carrying logs.,Fiber Bundle ×2; Fastener Set ×1; Solder Wire Spool ×1,Woodcutting Skill 2+,Yes (stacks),Legacy legacy triple-digit percent rows normalized to ±15% where applicable
Woodcutting,MR_WOODCUTTING_QUIET_CHOP_10,Quiet Chop,10,Quiet Chop (10%),-10% chopping noise radius (safer harvesting).,Flux Pebble ×2; Ceramic Tile ×2; Plate Panel ×1,Woodcutting Skill 3+,Yes (stacks),Legacy legacy triple-digit percent rows normalized to ±15% where applicable
Woodcutting,MR_WOODCUTTING_BARK_SAFE_CUTS_12,Bark-Safe Cuts,12,Bark-Safe Cuts (12%),+12% bark recovery from felled trees.,Terminal Block ×1; Fastener Set ×1; Data Core ×1,Woodcutting Skill 2+,Yes (stacks),Legacy legacy triple-digit percent rows normalized to ±15% where applicable
Woodcutting,MR_WOODCUTTING_EDGE_MAINTENANCE_12,Edge Maintenance,12,Edge Maintenance (12%),+12% axe durability.,Sealant Tube ×1; Ceramic Tile ×2; Capacitor Bank ×1,Tools Research completed,Yes (stacks),Legacy legacy triple-digit percent rows normalized to ±15% where applicable
Woodcutting,MR_WOODCUTTING_FELLING_RHYTHM_12,Felling Rhythm,12,Felling Rhythm (12%),+12% log cutting speed.,Sealant Tube ×1; Solder Wire Spool ×1; Heatsink Block ×1,Woodcutting Skill 1+,Yes (stacks),Legacy legacy triple-digit percent rows normalized to ±15% where applicable
Woodcutting,MR_WOODCUTTING_LOG_SLING_12,Log Sling,12,Log Sling (12%),-12% stamina drain while carrying logs.,Plate Panel ×1; Sealant Tube ×1; Tempered Glass Sheet ×1,Woodcutting Skill 2+,Yes (stacks),Legacy legacy triple-digit percent rows normalized to ±15% where applicable
Woodcutting,MR_WOODCUTTING_QUIET_CHOP_12,Quiet Chop,12,Quiet Chop (12%),-12% chopping noise radius (safer harvesting).,Sealant Tube ×1; Fastener Set ×1; Data Core ×1,Woodcutting Skill 3+,Yes (stacks),Legacy legacy triple-digit percent rows normalized to ±15% where applicable
Woodcutting,MR_WOODCUTTING_BARK_SAFE_CUTS_15,Bark-Safe Cuts,15,Bark-Safe Cuts (15%),+15% bark recovery from felled trees.,Heatsink Block ×1; Capacitor Bank ×1; Proof Token ×1,Woodcutting Skill 2+,Yes (stacks),Legacy legacy triple-digit percent rows normalized to ±15% where applicable
Woodcutting,MR_WOODCUTTING_EDGE_MAINTENANCE_15,Edge Maintenance,15,Edge Maintenance (15%),+15% axe durability.,Capacitor Bank ×1; Data Core ×1; Proof Token ×1,Tools Research completed,Yes (stacks),Legacy legacy triple-digit percent rows normalized to ±15% where applicable
Woodcutting,MR_WOODCUTTING_FELLING_RHYTHM_15,Felling Rhythm,15,Felling Rhythm (15%),+15% log cutting speed.,Data Core ×1; Capacitor Bank ×1; Proof Token ×1,Woodcutting Skill 1+,Yes (stacks),Legacy legacy triple-digit percent rows normalized to ±15% where applicable
Woodcutting,MR_WOODCUTTING_LOG_SLING_15,Log Sling,15,Log Sling (15%),-15% stamina drain while carrying logs.,Capacitor Bank ×3; Heatsink Block ×1,Woodcutting Skill 2+,Yes (stacks),Legacy legacy triple-digit percent rows normalized to ±15% where applicable
Woodcutting,MR_WOODCUTTING_QUIET_CHOP_15,Quiet Chop,15,Quiet Chop (15%),-15% chopping noise radius (safer harvesting).,Heatsink Block ×1; Data Core ×1; Blackglass Plate ×1,Woodcutting Skill 3+,Yes (stacks),Legacy legacy triple-digit percent rows normalized to ±15% where applicable
Mining,MR_MINING_CHIP_SORTING_5,Chip Sorting,5,Chip Sorting (5%),+5% chance to extract a bonus ore chip.,Binding Rope ×1; Fiber Bundle ×2,Mining Skill 2+,Yes (stacks),Legacy legacy triple-digit percent rows normalized to ±15% where applicable
Mining,MR_MINING_CHIP_SORTING_7,Chip Sorting,7,Chip Sorting (7%),+7% chance to extract a bonus ore chip.,Clear Grit ×2; Charcoal Chunk ×1,Mining Skill 2+,Yes (stacks),Legacy legacy triple-digit percent rows normalized to ±15% where applicable
Mining,MR_MINING_DUST_MASK_DISCIPLINE_5,Dust Mask Discipline,5,Dust Mask Discipline (5%),-5% stamina drain in dusty areas.,Charcoal Chunk ×1; Fiber Bundle ×2,Mining Skill 4+,Yes (stacks),Legacy legacy triple-digit percent rows normalized to ±15% where applicable
Mining,MR_MINING_DUST_MASK_DISCIPLINE_7,Dust Mask Discipline,7,Dust Mask Discipline (7%),-7% stamina drain in dusty areas.,Clear Grit ×2; Charcoal Chunk ×1,Mining Skill 4+,Yes (stacks),Legacy legacy triple-digit percent rows normalized to ±15% where applicable
Mining,MR_MINING_PICK_ANGLE_DRILL_5,Pick Angle Drill,5,Pick Angle Drill (5%),+5% pickaxe durability.,Charcoal Chunk ×1; Binding Rope ×1,Tools Research completed,Yes (stacks),Legacy legacy triple-digit percent rows normalized to ±15% where applicable
Mining,MR_MINING_PICK_ANGLE_DRILL_7,Pick Angle Drill,7,Pick Angle Drill (7%),+7% pickaxe durability.,Scrap Metal ×2; Clear Grit ×2,Tools Research completed,Yes (stacks),Legacy legacy triple-digit percent rows normalized to ±15% where applicable
Mining,MR_MINING_SHORING_HABIT_5,Shoring Habit,5,Shoring Habit (5%),-5% cave-in risk while mining.,Flux Pebble ×2; Clear Grit ×2,Mining Skill 3+,Yes (stacks),Legacy legacy triple-digit percent rows normalized to ±15% where applicable
Mining,MR_MINING_SHORING_HABIT_7,Shoring Habit,7,Shoring Habit (7%),-7% cave-in risk while mining.,Scrap Metal ×2; Charcoal Chunk ×1,Mining Skill 3+,Yes (stacks),Legacy legacy triple-digit percent rows normalized to ±15% where applicable
Mining,MR_MINING_VEIN_READING_5,Vein Reading,5,Vein Reading (5%),+5% mining speed on ore nodes.,Flux Pebble ×2; Binding Rope ×1,Mining Skill 1+,Yes (stacks),Legacy legacy triple-digit percent rows normalized to ±15% where applicable
Mining,MR_MINING_VEIN_READING_7,Vein Reading,7,Vein Reading (7%),+7% mining speed on ore nodes.,Flux Pebble ×2; Clear Grit ×2,Mining Skill 1+,Yes (stacks),Legacy legacy triple-digit percent rows normalized to ±15% where applicable
Mining,MR_MINING_CHIP_SORTING_10,Chip Sorting,10,Chip Sorting (10%),+10% chance to extract a bonus ore chip.,Scrap Metal ×2; Ceramic Tile ×2; Fastener Set ×1,Mining Skill 2+,Yes (stacks),Legacy legacy triple-digit percent rows normalized to ±15% where applicable
Mining,MR_MINING_DUST_MASK_DISCIPLINE_10,Dust Mask Discipline,10,Dust Mask Discipline (10%),-10% stamina drain in dusty areas.,Clear Grit ×2; Fastener Set ×1; Plate Panel ×1,Mining Skill 4+,Yes (stacks),Legacy legacy triple-digit percent rows normalized to ±15% where applicable
Mining,MR_MINING_PICK_ANGLE_DRILL_10,Pick Angle Drill,10,Pick Angle Drill (10%),+10% pickaxe durability.,Binding Rope ×1; Plate Panel ×1; Solder Wire Spool ×1,Tools Research completed,Yes (stacks),Legacy legacy triple-digit percent rows normalized to ±15% where applicable
Mining,MR_MINING_SHORING_HABIT_10,Shoring Habit,10,Shoring Habit (10%),-10% cave-in risk while mining.,Binding Rope ×1; Terminal Block ×1; Fastener Set ×1,Mining Skill 3+,Yes (stacks),Legacy legacy triple-digit percent rows normalized to ±15% where applicable
Mining,MR_MINING_VEIN_READING_10,Vein Reading,10,Vein Reading (10%),+10% mining speed on ore nodes.,Binding Rope ×1; Ceramic Tile ×2; Terminal Block ×1,Mining Skill 1+,Yes (stacks),Legacy legacy triple-digit percent rows normalized to ±15% where applicable
Mining,MR_MINING_CHIP_SORTING_12,Chip Sorting,12,Chip Sorting (12%),+12% chance to extract a bonus ore chip.,Solder Wire Spool ×1; Ceramic Tile ×2; Optic Lens ×1,Mining Skill 2+,Yes (stacks),Legacy legacy triple-digit percent rows normalized to ±15% where applicable
Mining,MR_MINING_DUST_MASK_DISCIPLINE_12,Dust Mask Discipline,12,Dust Mask Discipline (12%),-12% stamina drain in dusty areas.,Terminal Block ×1; Ceramic Tile ×2; Data Core ×1,Mining Skill 4+,Yes (stacks),Legacy legacy triple-digit percent rows normalized to ±15% where applicable
Mining,MR_MINING_PICK_ANGLE_DRILL_12,Pick Angle Drill,12,Pick Angle Drill (12%),+12% pickaxe durability.,Fastener Set ×1; Terminal Block ×1; Heatsink Block ×1,Tools Research completed,Yes (stacks),Legacy legacy triple-digit percent rows normalized to ±15% where applicable
Mining,MR_MINING_SHORING_HABIT_12,Shoring Habit,12,Shoring Habit (12%),-12% cave-in risk while mining.,Fastener Set ×1; Sealant Tube ×1; Data Core ×1,Mining Skill 3+,Yes (stacks),Legacy legacy triple-digit percent rows normalized to ±15% where applicable
Mining,MR_MINING_VEIN_READING_12,Vein Reading,12,Vein Reading (12%),+12% mining speed on ore nodes.,Sealant Tube ×1; Solder Wire Spool ×1; Heatsink Block ×1,Mining Skill 1+,Yes (stacks),Legacy legacy triple-digit percent rows normalized to ±15% where applicable
Mining,MR_MINING_CHIP_SORTING_15,Chip Sorting,15,Chip Sorting (15%),+15% chance to extract a bonus ore chip.,Optic Lens ×1; Data Core ×3,Mining Skill 2+,Yes (stacks),Legacy legacy triple-digit percent rows normalized to ±15% where applicable
Mining,MR_MINING_DUST_MASK_DISCIPLINE_15,Dust Mask Discipline,15,Dust Mask Discipline (15%),-15% stamina drain in dusty areas.,Optic Lens ×1; Capacitor Bank ×1; Data Core ×2,Mining Skill 4+,Yes (stacks),Legacy legacy triple-digit percent rows normalized to ±15% where applicable
Mining,MR_MINING_PICK_ANGLE_DRILL_15,Pick Angle Drill,15,Pick Angle Drill (15%),+15% pickaxe durability.,Capacitor Bank ×1; Optic Lens ×1; Blackglass Plate ×1,Tools Research completed,Yes (stacks),Legacy legacy triple-digit percent rows normalized to ±15% where applicable
Mining,MR_MINING_SHORING_HABIT_15,Shoring Habit,15,Shoring Habit (15%),-15% cave-in risk while mining.,Tempered Glass Sheet ×1; Optic Lens ×1; Data Core ×2,Mining Skill 3+,Yes (stacks),Legacy legacy triple-digit percent rows normalized to ±15% where applicable
Mining,MR_MINING_VEIN_READING_15,Vein Reading,15,Vein Reading (15%),+15% mining speed on ore nodes.,Heatsink Block ×1; Tempered Glass Sheet ×1; Blackglass Plate ×1,Mining Skill 1+,Yes (stacks),Legacy legacy triple-digit percent rows normalized to ±15% where applicable
Hunting,MR_HUNTING_BREATH_CONTROL_5,Breath Control,5,Breath Control (5%),+5% ranged accuracy while standing still.,Flux Pebble ×2; Binding Rope ×1,Hunting Skill 1+,Yes (stacks),Legacy legacy triple-digit percent rows normalized to ±15% where applicable
Hunting,MR_HUNTING_BREATH_CONTROL_7,Breath Control,7,Breath Control (7%),+7% ranged accuracy while standing still.,Charcoal Chunk ×1; Clear Grit ×2,Hunting Skill 1+,Yes (stacks),Legacy legacy triple-digit percent rows normalized to ±15% where applicable
Hunting,MR_HUNTING_COLD_HANDS_WARMUP_5,Cold Hands Warmup,5,Cold Hands Warmup (5%),-5% weapon sway in cold biomes.,Scrap Metal ×2; Flux Pebble ×2,Hunting Skill 4+,Yes (stacks),Legacy legacy triple-digit percent rows normalized to ±15% where applicable
Hunting,MR_HUNTING_COLD_HANDS_WARMUP_7,Cold Hands Warmup,7,Cold Hands Warmup (7%),-7% weapon sway in cold biomes.,Fiber Bundle ×2; Flux Pebble ×2,Hunting Skill 4+,Yes (stacks),Legacy legacy triple-digit percent rows normalized to ±15% where applicable
Hunting,MR_HUNTING_FIELD_DRESSING_5,Field Dressing,5,Field Dressing (5%),+5% meat recovery from animals.,Fiber Bundle ×2; Flux Pebble ×2,Hunting Skill 3+,Yes (stacks),Legacy legacy triple-digit percent rows normalized to ±15% where applicable
Hunting,MR_HUNTING_FIELD_DRESSING_7,Field Dressing,7,Field Dressing (7%),+7% meat recovery from animals.,Flux Pebble ×2; Scrap Metal ×2,Hunting Skill 3+,Yes (stacks),Legacy legacy triple-digit percent rows normalized to ±15% where applicable
Hunting,MR_HUNTING_HIDE_SAFE_CUTS_5,Hide-Safe Cuts,5,Hide-Safe Cuts (5%),+5% hide recovery from animals.,Charcoal Chunk ×1; Clear Grit ×2,Hunting Skill 3+,Yes (stacks),Legacy legacy triple-digit percent rows normalized to ±15% where applicable
Hunting,MR_HUNTING_HIDE_SAFE_CUTS_7,Hide-Safe Cuts,7,Hide-Safe Cuts (7%),+7% hide recovery from animals.,Scrap Metal ×2; Fiber Bundle ×2,Hunting Skill 3+,Yes (stacks),Legacy legacy triple-digit percent rows normalized to ±15% where applicable
Hunting,MR_HUNTING_QUIET_FOOTFALLS_5,Quiet Footfalls,5,Quiet Footfalls (5%),-5% detection chance while stalking.,Charcoal Chunk ×1; Fiber Bundle ×2,Hunting Skill 2+,Yes (stacks),Legacy legacy triple-digit percent rows normalized to ±15% where applicable
Hunting,MR_HUNTING_QUIET_FOOTFALLS_7,Quiet Footfalls,7,Quiet Footfalls (7%),-7% detection chance while stalking.,Scrap Metal ×2; Clear Grit ×2,Hunting Skill 2+,Yes (stacks),Legacy legacy triple-digit percent rows normalized to ±15% where applicable
Hunting,MR_HUNTING_BREATH_CONTROL_10,Breath Control,10,Breath Control (10%),+10% ranged accuracy while standing still.,Binding Rope ×1; Ceramic Tile ×2; Terminal Block ×1,Hunting Skill 1+,Yes (stacks),Legacy legacy triple-digit percent rows normalized to ±15% where applicable
Hunting,MR_HUNTING_COLD_HANDS_WARMUP_10,Cold Hands Warmup,10,Cold Hands Warmup (10%),-10% weapon sway in cold biomes.,Scrap Metal ×2; Sealant Tube ×1; Solder Wire Spool ×1,Hunting Skill 4+,Yes (stacks),Legacy legacy triple-digit percent rows normalized to ±15% where applicable
Hunting,MR_HUNTING_FIELD_DRESSING_10,Field Dressing,10,Field Dressing (10%),+10% meat recovery from animals.,Clear Grit ×2; Ceramic Tile ×2; Solder Wire Spool ×1,Hunting Skill 3+,Yes (stacks),Legacy legacy triple-digit percent rows normalized to ±15% where applicable
Hunting,MR_HUNTING_HIDE_SAFE_CUTS_10,Hide-Safe Cuts,10,Hide-Safe Cuts (10%),+10% hide recovery from animals.,Scrap Metal ×2; Plate Panel ×1; Terminal Block ×1,Hunting Skill 3+,Yes (stacks),Legacy legacy triple-digit percent rows normalized to ±15% where applicable
Hunting,MR_HUNTING_QUIET_FOOTFALLS_10,Quiet Footfalls,10,Quiet Footfalls (10%),-10% detection chance while stalking.,Flux Pebble ×2; Plate Panel ×1; Sealant Tube ×1,Hunting Skill 2+,Yes (stacks),Legacy legacy triple-digit percent rows normalized to ±15% where applicable
Hunting,MR_HUNTING_BREATH_CONTROL_12,Breath Control,12,Breath Control (12%),+12% ranged accuracy while standing still.,Plate Panel ×1; Ceramic Tile ×2; Heatsink Block ×1,Hunting Skill 1+,Yes (stacks),Legacy legacy triple-digit percent rows normalized to ±15% where applicable
Hunting,MR_HUNTING_COLD_HANDS_WARMUP_12,Cold Hands Warmup,12,Cold Hands Warmup (12%),-12% weapon sway in cold biomes.,Fastener Set ×1; Ceramic Tile ×2; Capacitor Bank ×1,Hunting Skill 4+,Yes (stacks),Legacy legacy triple-digit percent rows normalized to ±15% where applicable
Hunting,MR_HUNTING_FIELD_DRESSING_12,Field Dressing,12,Field Dressing (12%),+12% meat recovery from animals.,Terminal Block ×1; Ceramic Tile ×2; Tempered Glass Sheet ×1,Hunting Skill 3+,Yes (stacks),Legacy legacy triple-digit percent rows normalized to ±15% where applicable
Hunting,MR_HUNTING_HIDE_SAFE_CUTS_12,Hide-Safe Cuts,12,Hide-Safe Cuts (12%),+12% hide recovery from animals.,Plate Panel ×1; Fastener Set ×1; Optic Lens ×1,Hunting Skill 3+,Yes (stacks),Legacy legacy triple-digit percent rows normalized to ±15% where applicable
Hunting,MR_HUNTING_QUIET_FOOTFALLS_12,Quiet Footfalls,12,Quiet Footfalls (12%),-12% detection chance while stalking.,Sealant Tube ×1; Fastener Set ×1; Capacitor Bank ×1,Hunting Skill 2+,Yes (stacks),Legacy legacy triple-digit percent rows normalized to ±15% where applicable
Hunting,MR_HUNTING_BREATH_CONTROL_15,Breath Control,15,Breath Control (15%),+15% ranged accuracy while standing still.,Capacitor Bank ×1; Data Core ×1; Blackglass Plate ×1,Hunting Skill 1+,Yes (stacks),Legacy legacy triple-digit percent rows normalized to ±15% where applicable
Hunting,MR_HUNTING_COLD_HANDS_WARMUP_15,Cold Hands Warmup,15,Cold Hands Warmup (15%),-15% weapon sway in cold biomes.,Data Core ×1; Tempered Glass Sheet ×1; Blackglass Plate ×1,Hunting Skill 4+,Yes (stacks),Legacy legacy triple-digit percent rows normalized to ±15% where applicable
Hunting,MR_HUNTING_FIELD_DRESSING_15,Field Dressing,15,Field Dressing (15%),+15% meat recovery from animals.,Tempered Glass Sheet ×1; Heatsink Block ×1; Data Core ×2,Hunting Skill 3+,Yes (stacks),Legacy legacy triple-digit percent rows normalized to ±15% where applicable
Hunting,MR_HUNTING_HIDE_SAFE_CUTS_15,Hide-Safe Cuts,15,Hide-Safe Cuts (15%),+15% hide recovery from animals.,Data Core ×1; Heatsink Block ×1; Proof Token ×1,Hunting Skill 3+,Yes (stacks),Legacy legacy triple-digit percent rows normalized to ±15% where applicable
Hunting,MR_HUNTING_QUIET_FOOTFALLS_15,Quiet Footfalls,15,Quiet Footfalls (15%),-15% detection chance while stalking.,Tempered Glass Sheet ×1; Optic Lens ×1; Capacitor Bank ×2,Hunting Skill 2+,Yes (stacks),Legacy legacy triple-digit percent rows normalized to ±15% where applicable
Farming,MR_FARMING_CLEAN_ROWS_5,Clean Rows,5,Clean Rows (5%),-5% contamination chance in plots.,Scrap Metal ×2; Fiber Bundle ×2,Farming Skill 2+,Yes (stacks),Legacy legacy triple-digit percent rows normalized to ±15% where applicable
Farming,MR_FARMING_CLEAN_ROWS_7,Clean Rows,7,Clean Rows (7%),-7% contamination chance in plots.,Scrap Metal ×2; Binding Rope ×1,Farming Skill 2+,Yes (stacks),Legacy legacy triple-digit percent rows normalized to ±15% where applicable
Farming,MR_FARMING_PEST_WATCHING_5,Pest Watching,5,Pest Watching (5%),+5% yield stability during bad weather.,Fiber Bundle ×2; Flux Pebble ×2,Farming Skill 4+,Yes (stacks),Legacy legacy triple-digit percent rows normalized to ±15% where applicable
Farming,MR_FARMING_PEST_WATCHING_7,Pest Watching,7,Pest Watching (7%),+7% yield stability during bad weather.,Flux Pebble ×2; Charcoal Chunk ×1,Farming Skill 4+,Yes (stacks),Legacy legacy triple-digit percent rows normalized to ±15% where applicable
Farming,MR_FARMING_SEED_PATIENCE_5,Seed Patience,5,Seed Patience (5%),+5% crop growth rate.,Charcoal Chunk ×1; Binding Rope ×1,Farming Skill 1+,Yes (stacks),Legacy legacy triple-digit percent rows normalized to ±15% where applicable
Farming,MR_FARMING_SEED_PATIENCE_7,Seed Patience,7,Seed Patience (7%),+7% crop growth rate.,Binding Rope ×1; Flux Pebble ×2,Farming Skill 1+,Yes (stacks),Legacy legacy triple-digit percent rows normalized to ±15% where applicable
Farming,MR_FARMING_SOIL_HEAT_TRICKS_5,Soil Heat Tricks,5,Soil Heat Tricks (5%),+5% growth rate in cold basins.,Flux Pebble ×2; Clear Grit ×2,Farming Skill 5+,Yes (stacks),Legacy legacy triple-digit percent rows normalized to ±15% where applicable
Farming,MR_FARMING_SOIL_HEAT_TRICKS_7,Soil Heat Tricks,7,Soil Heat Tricks (7%),+7% growth rate in cold basins.,Binding Rope ×1; Scrap Metal ×2,Farming Skill 5+,Yes (stacks),Legacy legacy triple-digit percent rows normalized to ±15% where applicable
Farming,MR_FARMING_WATER_TIMING_5,Water Timing,5,Water Timing (5%),-5% water used per harvest cycle.,Fiber Bundle ×2; Flux Pebble ×2,Farming Skill 3+,Yes (stacks),Legacy legacy triple-digit percent rows normalized to ±15% where applicable
Farming,MR_FARMING_WATER_TIMING_7,Water Timing,7,Water Timing (7%),-7% water used per harvest cycle.,Scrap Metal ×2; Flux Pebble ×2,Farming Skill 3+,Yes (stacks),Legacy legacy triple-digit percent rows normalized to ±15% where applicable
Farming,MR_FARMING_CLEAN_ROWS_10,Clean Rows,10,Clean Rows (10%),-10% contamination chance in plots.,Charcoal Chunk ×1; Sealant Tube ×1; Terminal Block ×1,Farming Skill 2+,Yes (stacks),Legacy legacy triple-digit percent rows normalized to ±15% where applicable
Farming,MR_FARMING_PEST_WATCHING_10,Pest Watching,10,Pest Watching (10%),+10% yield stability during bad weather.,Binding Rope ×1; Ceramic Tile ×2; Plate Panel ×1,Farming Skill 4+,Yes (stacks),Legacy legacy triple-digit percent rows normalized to ±15% where applicable
Farming,MR_FARMING_SEED_PATIENCE_10,Seed Patience,10,Seed Patience (10%),+10% crop growth rate.,Binding Rope ×1; Terminal Block ×1; Fastener Set ×1,Farming Skill 1+,Yes (stacks),Legacy legacy triple-digit percent rows normalized to ±15% where applicable
Farming,MR_FARMING_SOIL_HEAT_TRICKS_10,Soil Heat Tricks,10,Soil Heat Tricks (10%),+10% growth rate in cold basins.,Scrap Metal ×2; Sealant Tube ×1; Terminal Block ×1,Farming Skill 5+,Yes (stacks),Legacy legacy triple-digit percent rows normalized to ±15% where applicable
Farming,MR_FARMING_WATER_TIMING_10,Water Timing,10,Water Timing (10%),-10% water used per harvest cycle.,Binding Rope ×1; Ceramic Tile ×2; Fastener Set ×1,Farming Skill 3+,Yes (stacks),Legacy legacy triple-digit percent rows normalized to ±15% where applicable
Farming,MR_FARMING_CLEAN_ROWS_12,Clean Rows,12,Clean Rows (12%),-12% contamination chance in plots.,Ceramic Tile ×2; Plate Panel ×1; Data Core ×1,Farming Skill 2+,Yes (stacks),Legacy legacy triple-digit percent rows normalized to ±15% where applicable
Farming,MR_FARMING_PEST_WATCHING_12,Pest Watching,12,Pest Watching (12%),+12% yield stability during bad weather.,Solder Wire Spool ×1; Plate Panel ×1; Capacitor Bank ×1,Farming Skill 4+,Yes (stacks),Legacy legacy triple-digit percent rows normalized to ±15% where applicable
Farming,MR_FARMING_SEED_PATIENCE_12,Seed Patience,12,Seed Patience (12%),+12% crop growth rate.,Fastener Set ×1; Terminal Block ×1; Tempered Glass Sheet ×1,Farming Skill 1+,Yes (stacks),Legacy legacy triple-digit percent rows normalized to ±15% where applicable
Farming,MR_FARMING_SOIL_HEAT_TRICKS_12,Soil Heat Tricks,12,Soil Heat Tricks (12%),+12% growth rate in cold basins.,Sealant Tube ×1; Plate Panel ×1; Data Core ×1,Farming Skill 5+,Yes (stacks),Legacy legacy triple-digit percent rows normalized to ±15% where applicable
Farming,MR_FARMING_WATER_TIMING_12,Water Timing,12,Water Timing (12%),-12% water used per harvest cycle.,Ceramic Tile ×2; Sealant Tube ×1; Data Core ×1,Farming Skill 3+,Yes (stacks),Legacy legacy triple-digit percent rows normalized to ±15% where applicable
Farming,MR_FARMING_CLEAN_ROWS_15,Clean Rows,15,Clean Rows (15%),-15% contamination chance in plots.,Heatsink Block ×1; Capacitor Bank ×3,Farming Skill 2+,Yes (stacks),Legacy legacy triple-digit percent rows normalized to ±15% where applicable
Farming,MR_FARMING_PEST_WATCHING_15,Pest Watching,15,Pest Watching (15%),+15% yield stability during bad weather.,Tempered Glass Sheet ×1; Capacitor Bank ×1; Blackglass Plate ×1,Farming Skill 4+,Yes (stacks),Legacy legacy triple-digit percent rows normalized to ±15% where applicable
Farming,MR_FARMING_SEED_PATIENCE_15,Seed Patience,15,Seed Patience (15%),+15% crop growth rate.,Tempered Glass Sheet ×1; Data Core ×1; Capacitor Bank ×2,Farming Skill 1+,Yes (stacks),Legacy legacy triple-digit percent rows normalized to ±15% where applicable
Farming,MR_FARMING_SOIL_HEAT_TRICKS_15,Soil Heat Tricks,15,Soil Heat Tricks (15%),+15% growth rate in cold basins.,Optic Lens ×1; Tempered Glass Sheet ×1; Capacitor Bank ×2,Farming Skill 5+,Yes (stacks),Legacy legacy triple-digit percent rows normalized to ±15% where applicable
Farming,MR_FARMING_WATER_TIMING_15,Water Timing,15,Water Timing (15%),-15% water used per harvest cycle.,Optic Lens ×1; Capacitor Bank ×3,Farming Skill 3+,Yes (stacks),Legacy legacy triple-digit percent rows normalized to ±15% where applicable
Engineering,MR_ENGINEERING_BATCH_HABIT_5,Batch Habit,5,Batch Habit (5%),+1 output on select component recipes (where applicable).,Fiber Bundle ×2; Charcoal Chunk ×1,Engineer Skill 4+,Yes (stacks),Legacy legacy triple-digit percent rows normalized to ±15% where applicable
Engineering,MR_ENGINEERING_BATCH_HABIT_7,Batch Habit,7,Batch Habit (7%),+1 output on select component recipes (where applicable).,Scrap Metal ×2; Binding Rope ×1,Engineer Skill 4+,Yes (stacks),Legacy legacy triple-digit percent rows normalized to ±15% where applicable
Engineering,MR_ENGINEERING_MEASURED_CUTS_5,Measured Cuts,5,Measured Cuts (5%),+5% crafting speed at Sawbench and Workbench.,Binding Rope ×1; Scrap Metal ×2,Engineer Skill 1+,Yes (stacks),Legacy legacy triple-digit percent rows normalized to ±15% where applicable
Engineering,MR_ENGINEERING_MEASURED_CUTS_7,Measured Cuts,7,Measured Cuts (7%),+7% crafting speed at Sawbench and Workbench.,Fiber Bundle ×2; Scrap Metal ×2,Engineer Skill 1+,Yes (stacks),Legacy legacy triple-digit percent rows normalized to ±15% where applicable
Engineering,MR_ENGINEERING_STANDARD_FASTENERS_5,Standard Fasteners,5,Standard Fasteners (5%),-5% material cost for fastener-heavy recipes.,Charcoal Chunk ×1; Binding Rope ×1,Engineer Skill 2+,Yes (stacks),Legacy legacy triple-digit percent rows normalized to ±15% where applicable
Engineering,MR_ENGINEERING_STANDARD_FASTENERS_7,Standard Fasteners,7,Standard Fasteners (7%),-7% material cost for fastener-heavy recipes.,Charcoal Chunk ×1; Scrap Metal ×2,Engineer Skill 2+,Yes (stacks),Legacy legacy triple-digit percent rows normalized to ±15% where applicable
Engineering,MR_ENGINEERING_TOLERANCE_NOTES_5,Tolerance Notes,5,Tolerance Notes (5%),+5% chance to craft ‘clean’ parts (better quality).,Flux Pebble ×2; Charcoal Chunk ×1,Engineer Skill 3+,Yes (stacks),Legacy legacy triple-digit percent rows normalized to ±15% where applicable
Engineering,MR_ENGINEERING_TOLERANCE_NOTES_7,Tolerance Notes,7,Tolerance Notes (7%),+7% chance to craft ‘clean’ parts (better quality).,Clear Grit ×2; Binding Rope ×1,Engineer Skill 3+,Yes (stacks),Legacy legacy triple-digit percent rows normalized to ±15% where applicable
Engineering,MR_ENGINEERING_TOOL_LAYOUT_5,Tool Layout,5,Tool Layout (5%),-5% time to repair items.,Scrap Metal ×2; Clear Grit ×2,Engineer Skill 2+,Yes (stacks),Legacy legacy triple-digit percent rows normalized to ±15% where applicable
Engineering,MR_ENGINEERING_TOOL_LAYOUT_7,Tool Layout,7,Tool Layout (7%),-7% time to repair items.,Clear Grit ×2; Charcoal Chunk ×1,Engineer Skill 2+,Yes (stacks),Legacy legacy triple-digit percent rows normalized to ±15% where applicable
Engineering,MR_ENGINEERING_BATCH_HABIT_10,Batch Habit,10,Batch Habit (10%),+1 output on select component recipes (where applicable).,Fiber Bundle ×2; Sealant Tube ×1; Solder Wire Spool ×1,Engineer Skill 4+,Yes (stacks),Legacy legacy triple-digit percent rows normalized to ±15% where applicable
Engineering,MR_ENGINEERING_MEASURED_CUTS_10,Measured Cuts,10,Measured Cuts (10%),+10% crafting speed at Sawbench and Workbench.,Fiber Bundle ×2; Terminal Block ×1; Plate Panel ×1,Engineer Skill 1+,Yes (stacks),Legacy legacy triple-digit percent rows normalized to ±15% where applicable
Engineering,MR_ENGINEERING_STANDARD_FASTENERS_10,Standard Fasteners,10,Standard Fasteners (10%),-10% material cost for fastener-heavy recipes.,Charcoal Chunk ×1; Fastener Set ×1; Terminal Block ×1,Engineer Skill 2+,Yes (stacks),Legacy legacy triple-digit percent rows normalized to ±15% where applicable
Engineering,MR_ENGINEERING_TOLERANCE_NOTES_10,Tolerance Notes,10,Tolerance Notes (10%),+10% chance to craft ‘clean’ parts (better quality).,Fiber Bundle ×2; Solder Wire Spool ×1; Ceramic Tile ×2,Engineer Skill 3+,Yes (stacks),Legacy legacy triple-digit percent rows normalized to ±15% where applicable
Engineering,MR_ENGINEERING_TOOL_LAYOUT_10,Tool Layout,10,Tool Layout (10%),-10% time to repair items.,Charcoal Chunk ×1; Fastener Set ×1; Plate Panel ×1,Engineer Skill 2+,Yes (stacks),Legacy legacy triple-digit percent rows normalized to ±15% where applicable
Engineering,MR_ENGINEERING_BATCH_HABIT_12,Batch Habit,12,Batch Habit (12%),+1 output on select component recipes (where applicable).,Plate Panel ×1; Solder Wire Spool ×1; Optic Lens ×1,Engineer Skill 4+,Yes (stacks),Legacy legacy triple-digit percent rows normalized to ±15% where applicable
Engineering,MR_ENGINEERING_MEASURED_CUTS_12,Measured Cuts,12,Measured Cuts (12%),+12% crafting speed at Sawbench and Workbench.,Sealant Tube ×1; Plate Panel ×1; Tempered Glass Sheet ×1,Engineer Skill 1+,Yes (stacks),Legacy legacy triple-digit percent rows normalized to ±15% where applicable
Engineering,MR_ENGINEERING_STANDARD_FASTENERS_12,Standard Fasteners,12,Standard Fasteners (12%),-12% material cost for fastener-heavy recipes.,Ceramic Tile ×2; Plate Panel ×1; Tempered Glass Sheet ×1,Engineer Skill 2+,Yes (stacks),Legacy legacy triple-digit percent rows normalized to ±15% where applicable
Engineering,MR_ENGINEERING_TOLERANCE_NOTES_12,Tolerance Notes,12,Tolerance Notes (12%),+12% chance to craft ‘clean’ parts (better quality).,Plate Panel ×1; Fastener Set ×1; Heatsink Block ×1,Engineer Skill 3+,Yes (stacks),Legacy legacy triple-digit percent rows normalized to ±15% where applicable
Engineering,MR_ENGINEERING_TOOL_LAYOUT_12,Tool Layout,12,Tool Layout (12%),-12% time to repair items.,Plate Panel ×1; Ceramic Tile ×2; Heatsink Block ×1,Engineer Skill 2+,Yes (stacks),Legacy legacy triple-digit percent rows normalized to ±15% where applicable
Engineering,MR_ENGINEERING_BATCH_HABIT_15,Batch Habit,15,Batch Habit (15%),+1 output on select component recipes (where applicable).,Optic Lens ×1; Tempered Glass Sheet ×1; Blackglass Plate ×1,Engineer Skill 4+,Yes (stacks),Legacy legacy triple-digit percent rows normalized to ±15% where applicable
Engineering,MR_ENGINEERING_MEASURED_CUTS_15,Measured Cuts,15,Measured Cuts (15%),+15% crafting speed at Sawbench and Workbench.,Data Core ×3; Heatsink Block ×1,Engineer Skill 1+,Yes (stacks),Legacy legacy triple-digit percent rows normalized to ±15% where applicable
Engineering,MR_ENGINEERING_STANDARD_FASTENERS_15,Standard Fasteners,15,Standard Fasteners (15%),-15% material cost for fastener-heavy recipes.,Capacitor Bank ×3; Tempered Glass Sheet ×1,Engineer Skill 2+,Yes (stacks),Legacy legacy triple-digit percent rows normalized to ±15% where applicable
Engineering,MR_ENGINEERING_TOLERANCE_NOTES_15,Tolerance Notes,15,Tolerance Notes (15%),+15% chance to craft ‘clean’ parts (better quality).,Heatsink Block ×1; Capacitor Bank ×1; Data Core ×2,Engineer Skill 3+,Yes (stacks),Legacy legacy triple-digit percent rows normalized to ±15% where applicable
Engineering,MR_ENGINEERING_TOOL_LAYOUT_15,Tool Layout,15,Tool Layout (15%),-15% time to repair items.,Capacitor Bank ×1; Tempered Glass Sheet ×1; Blackglass Plate ×1,Engineer Skill 2+,Yes (stacks),Legacy legacy triple-digit percent rows normalized to ±15% where applicable
Research,MR_RESEARCH_BETTER_SHORTLISTS_5,Better Shortlists,5,Better Shortlists (5%),+1 reroll per day for micro research options.,Scrap Metal ×2; Flux Pebble ×2,Research Skill 3+,Yes (stacks),Legacy legacy triple-digit percent rows normalized to ±15% where applicable
Research,MR_RESEARCH_BETTER_SHORTLISTS_7,Better Shortlists,7,Better Shortlists (7%),+1 reroll per day for micro research options.,Scrap Metal ×2; Fiber Bundle ×2,Research Skill 3+,Yes (stacks),Legacy legacy triple-digit percent rows normalized to ±15% where applicable
Research,MR_RESEARCH_BREAKTHROUGH_RITUAL_5,Breakthrough Ritual,5,Breakthrough Ritual (5%),+5% chance a micro research rolls as a higher tier.,Charcoal Chunk ×1; Flux Pebble ×2,Research Skill 5+,Yes (stacks),Legacy legacy triple-digit percent rows normalized to ±15% where applicable
Research,MR_RESEARCH_BREAKTHROUGH_RITUAL_7,Breakthrough Ritual,7,Breakthrough Ritual (7%),+7% chance a micro research rolls as a higher tier.,Binding Rope ×1; Flux Pebble ×2,Research Skill 5+,Yes (stacks),Legacy legacy triple-digit percent rows normalized to ±15% where applicable
Research,MR_RESEARCH_COMPONENT_CATALOGING_5,Component Cataloging,5,Component Cataloging (5%),-5% research supply cost (rounded down).,Clear Grit ×2; Binding Rope ×1,Research Skill 4+,Yes (stacks),Legacy legacy triple-digit percent rows normalized to ±15% where applicable
Research,MR_RESEARCH_COMPONENT_CATALOGING_7,Component Cataloging,7,Component Cataloging (7%),-7% research supply cost (rounded down).,Flux Pebble ×2; Charcoal Chunk ×1,Research Skill 4+,Yes (stacks),Legacy legacy triple-digit percent rows normalized to ±15% where applicable
Research,MR_RESEARCH_NO_STALL_ROUTINE_5,No Stall Routine,5,No Stall Routine (5%),-5% chance research ‘stalls’.,Fiber Bundle ×2; Flux Pebble ×2,Research Skill 2+,Yes (stacks),Legacy legacy triple-digit percent rows normalized to ±15% where applicable
Research,MR_RESEARCH_NO_STALL_ROUTINE_7,No Stall Routine,7,No Stall Routine (7%),-7% chance research ‘stalls’.,Scrap Metal ×2; Fiber Bundle ×2,Research Skill 2+,Yes (stacks),Legacy legacy triple-digit percent rows normalized to ±15% where applicable
Research,MR_RESEARCH_NOTEBOOK_DISCIPLINE_5,Notebook Discipline,5,Notebook Discipline (5%),+5% research progress speed.,Scrap Metal ×2; Binding Rope ×1,Research Skill 1+,Yes (stacks),Legacy legacy triple-digit percent rows normalized to ±15% where applicable
Research,MR_RESEARCH_NOTEBOOK_DISCIPLINE_7,Notebook Discipline,7,Notebook Discipline (7%),+7% research progress speed.,Clear Grit ×2; Flux Pebble ×2,Research Skill 1+,Yes (stacks),Legacy legacy triple-digit percent rows normalized to ±15% where applicable
Research,MR_RESEARCH_BETTER_SHORTLISTS_10,Better Shortlists,10,Better Shortlists (10%),+1 reroll per day for micro research options.,Fiber Bundle ×2; Sealant Tube ×1; Fastener Set ×1,Research Skill 3+,Yes (stacks),Legacy legacy triple-digit percent rows normalized to ±15% where applicable
Research,MR_RESEARCH_BREAKTHROUGH_RITUAL_10,Breakthrough Ritual,10,Breakthrough Ritual (10%),+10% chance a micro research rolls as a higher tier.,Fiber Bundle ×2; Terminal Block ×1; Plate Panel ×1,Research Skill 5+,Yes (stacks),Legacy legacy triple-digit percent rows normalized to ±15% where applicable
Research,MR_RESEARCH_COMPONENT_CATALOGING_10,Component Cataloging,10,Component Cataloging (10%),-10% research supply cost (rounded down).,Flux Pebble ×2; Solder Wire Spool ×1; Plate Panel ×1,Research Skill 4+,Yes (stacks),Legacy legacy triple-digit percent rows normalized to ±15% where applicable
Research,MR_RESEARCH_NO_STALL_ROUTINE_10,No Stall Routine,10,No Stall Routine (10%),-10% chance research ‘stalls’.,Fiber Bundle ×2; Plate Panel ×1; Terminal Block ×1,Research Skill 2+,Yes (stacks),Legacy legacy triple-digit percent rows normalized to ±15% where applicable
Research,MR_RESEARCH_NOTEBOOK_DISCIPLINE_10,Notebook Discipline,10,Notebook Discipline (10%),+10% research progress speed.,Flux Pebble ×2; Terminal Block ×1; Solder Wire Spool ×1,Research Skill 1+,Yes (stacks),Legacy legacy triple-digit percent rows normalized to ±15% where applicable
Research,MR_RESEARCH_BETTER_SHORTLISTS_12,Better Shortlists,12,Better Shortlists (12%),+1 reroll per day for micro research options.,Fastener Set ×1; Solder Wire Spool ×1; Tempered Glass Sheet ×1,Research Skill 3+,Yes (stacks),Legacy legacy triple-digit percent rows normalized to ±15% where applicable
Research,MR_RESEARCH_BREAKTHROUGH_RITUAL_12,Breakthrough Ritual,12,Breakthrough Ritual (12%),+12% chance a micro research rolls as a higher tier.,Terminal Block ×1; Fastener Set ×1; Tempered Glass Sheet ×1,Research Skill 5+,Yes (stacks),Legacy legacy triple-digit percent rows normalized to ±15% where applicable
Research,MR_RESEARCH_COMPONENT_CATALOGING_12,Component Cataloging,12,Component Cataloging (12%),-12% research supply cost (rounded down).,Ceramic Tile ×2; Sealant Tube ×1; Tempered Glass Sheet ×1,Research Skill 4+,Yes (stacks),Legacy legacy triple-digit percent rows normalized to ±15% where applicable
Research,MR_RESEARCH_NO_STALL_ROUTINE_12,No Stall Routine,12,No Stall Routine (12%),-12% chance research ‘stalls’.,Solder Wire Spool ×1; Fastener Set ×1; Data Core ×1,Research Skill 2+,Yes (stacks),Legacy legacy triple-digit percent rows normalized to ±15% where applicable
Research,MR_RESEARCH_NOTEBOOK_DISCIPLINE_12,Notebook Discipline,12,Notebook Discipline (12%),+12% research progress speed.,Plate Panel ×1; Solder Wire Spool ×1; Capacitor Bank ×1,Research Skill 1+,Yes (stacks),Legacy legacy triple-digit percent rows normalized to ±15% where applicable
Research,MR_RESEARCH_BETTER_SHORTLISTS_15,Better Shortlists,15,Better Shortlists (15%),+1 reroll per day for micro research options.,Data Core ×1; Heatsink Block ×1; Proof Token ×1,Research Skill 3+,Yes (stacks),Legacy legacy triple-digit percent rows normalized to ±15% where applicable
Research,MR_RESEARCH_BREAKTHROUGH_RITUAL_15,Breakthrough Ritual,15,Breakthrough Ritual (15%),+15% chance a micro research rolls as a higher tier.,Tempered Glass Sheet ×1; Optic Lens ×1; Proof Token ×1,Research Skill 5+,Yes (stacks),Legacy legacy triple-digit percent rows normalized to ±15% where applicable
Research,MR_RESEARCH_COMPONENT_CATALOGING_15,Component Cataloging,15,Component Cataloging (15%),-15% research supply cost (rounded down).,Data Core ×1; Tempered Glass Sheet ×1; Blackglass Plate ×1,Research Skill 4+,Yes (stacks),Legacy legacy triple-digit percent rows normalized to ±15% where applicable
Research,MR_RESEARCH_NO_STALL_ROUTINE_15,No Stall Routine,15,No Stall Routine (15%),-15% chance research ‘stalls’.,Heatsink Block ×1; Optic Lens ×1; Data Core ×2,Research Skill 2+,Yes (stacks),Legacy legacy triple-digit percent rows normalized to ±15% where applicable
Research,MR_RESEARCH_NOTEBOOK_DISCIPLINE_15,Notebook Discipline,15,Notebook Discipline (15%),+15% research progress speed.,Data Core ×3; Heatsink Block ×1,Research Skill 1+,Yes (stacks),Legacy legacy triple-digit percent rows normalized to ±15% where applicable
Combat,MR_COMBAT_COLD_STEEL_5,Cold Steel,5,Cold Steel (5%),+5% melee damage.,Scrap Metal ×2; Fiber Bundle ×2,Military Skill 4+,Yes (stacks),Legacy legacy triple-digit percent rows normalized to ±15% where applicable
Combat,MR_COMBAT_COLD_STEEL_7,Cold Steel,7,Cold Steel (7%),+7% melee damage.,Binding Rope ×1; Fiber Bundle ×2,Military Skill 4+,Yes (stacks),Legacy legacy triple-digit percent rows normalized to ±15% where applicable
Combat,MR_COMBAT_CONTROLLED_BURSTS_5,Controlled Bursts,5,Controlled Bursts (5%),-5% recoil on automatic weapons.,Clear Grit ×2; Fiber Bundle ×2,Military Skill 3+,Yes (stacks),Legacy legacy triple-digit percent rows normalized to ±15% where applicable
Combat,MR_COMBAT_CONTROLLED_BURSTS_7,Controlled Bursts,7,Controlled Bursts (7%),-7% recoil on automatic weapons.,Binding Rope ×1; Charcoal Chunk ×1,Military Skill 3+,Yes (stacks),Legacy legacy triple-digit percent rows normalized to ±15% where applicable
Combat,MR_COMBAT_COVER_HABIT_5,Cover Habit,5,Cover Habit (5%),-5% incoming ranged damage while in cover.,Charcoal Chunk ×1; Fiber Bundle ×2,Military Skill 1+,Yes (stacks),Legacy legacy triple-digit percent rows normalized to ±15% where applicable
Combat,MR_COMBAT_COVER_HABIT_7,Cover Habit,7,Cover Habit (7%),-7% incoming ranged damage while in cover.,Clear Grit ×2; Scrap Metal ×2,Military Skill 1+,Yes (stacks),Legacy legacy triple-digit percent rows normalized to ±15% where applicable
Combat,MR_COMBAT_PANIC_DRILL_5,Panic Drill,5,Panic Drill (5%),+5% panic resistance in close encounters.,Clear Grit ×2; Binding Rope ×1,Military Skill 3+,Yes (stacks),Legacy legacy triple-digit percent rows normalized to ±15% where applicable
Combat,MR_COMBAT_PANIC_DRILL_7,Panic Drill,7,Panic Drill (7%),+7% panic resistance in close encounters.,Flux Pebble ×2; Charcoal Chunk ×1,Military Skill 3+,Yes (stacks),Legacy legacy triple-digit percent rows normalized to ±15% where applicable
Combat,MR_COMBAT_QUICK_RELOAD_5,Quick Reload,5,Quick Reload (5%),-5% reload time.,Clear Grit ×2; Fiber Bundle ×2,Military Skill 2+,Yes (stacks),Legacy legacy triple-digit percent rows normalized to ±15% where applicable
Combat,MR_COMBAT_QUICK_RELOAD_7,Quick Reload,7,Quick Reload (7%),-7% reload time.,Charcoal Chunk ×1; Scrap Metal ×2,Military Skill 2+,Yes (stacks),Legacy legacy triple-digit percent rows normalized to ±15% where applicable
Combat,MR_COMBAT_COLD_STEEL_10,Cold Steel,10,Cold Steel (10%),+10% melee damage.,Clear Grit ×2; Ceramic Tile ×2; Sealant Tube ×1,Military Skill 4+,Yes (stacks),Legacy legacy triple-digit percent rows normalized to ±15% where applicable
Combat,MR_COMBAT_CONTROLLED_BURSTS_10,Controlled Bursts,10,Controlled Bursts (10%),-10% recoil on automatic weapons.,Scrap Metal ×2; Ceramic Tile ×2; Sealant Tube ×1,Military Skill 3+,Yes (stacks),Legacy legacy triple-digit percent rows normalized to ±15% where applicable
Combat,MR_COMBAT_COVER_HABIT_10,Cover Habit,10,Cover Habit (10%),-10% incoming ranged damage while in cover.,Fiber Bundle ×2; Ceramic Tile ×2; Sealant Tube ×1,Military Skill 1+,Yes (stacks),Legacy legacy triple-digit percent rows normalized to ±15% where applicable
Combat,MR_COMBAT_PANIC_DRILL_10,Panic Drill,10,Panic Drill (10%),+10% panic resistance in close encounters.,Binding Rope ×1; Solder Wire Spool ×1; Fastener Set ×1,Military Skill 3+,Yes (stacks),Legacy legacy triple-digit percent rows normalized to ±15% where applicable
Combat,MR_COMBAT_QUICK_RELOAD_10,Quick Reload,10,Quick Reload (10%),-10% reload time.,Clear Grit ×2; Terminal Block ×1; Plate Panel ×1,Military Skill 2+,Yes (stacks),Legacy legacy triple-digit percent rows normalized to ±15% where applicable
Combat,MR_COMBAT_COLD_STEEL_12,Cold Steel,12,Cold Steel (12%),+12% melee damage.,Terminal Block ×1; Plate Panel ×1; Data Core ×1,Military Skill 4+,Yes (stacks),Legacy legacy triple-digit percent rows normalized to ±15% where applicable
Combat,MR_COMBAT_CONTROLLED_BURSTS_12,Controlled Bursts,12,Controlled Bursts (12%),-12% recoil on automatic weapons.,Fastener Set ×1; Sealant Tube ×1; Data Core ×1,Military Skill 3+,Yes (stacks),Legacy legacy triple-digit percent rows normalized to ±15% where applicable
Combat,MR_COMBAT_COVER_HABIT_12,Cover Habit,12,Cover Habit (12%),-12% incoming ranged damage while in cover.,Fastener Set ×1; Plate Panel ×1; Optic Lens ×1,Military Skill 1+,Yes (stacks),Legacy legacy triple-digit percent rows normalized to ±15% where applicable
Combat,MR_COMBAT_PANIC_DRILL_12,Panic Drill,12,Panic Drill (12%),+12% panic resistance in close encounters.,Fastener Set ×1; Plate Panel ×1; Heatsink Block ×1,Military Skill 3+,Yes (stacks),Legacy legacy triple-digit percent rows normalized to ±15% where applicable
Combat,MR_COMBAT_QUICK_RELOAD_12,Quick Reload,12,Quick Reload (12%),-12% reload time.,Ceramic Tile ×2; Plate Panel ×1; Capacitor Bank ×1,Military Skill 2+,Yes (stacks),Legacy legacy triple-digit percent rows normalized to ±15% where applicable
Combat,MR_COMBAT_COLD_STEEL_15,Cold Steel,15,Cold Steel (15%),+15% melee damage.,Data Core ×1; Tempered Glass Sheet ×1; Capacitor Bank ×2,Military Skill 4+,Yes (stacks),Legacy legacy triple-digit percent rows normalized to ±15% where applicable
Combat,MR_COMBAT_CONTROLLED_BURSTS_15,Controlled Bursts,15,Controlled Bursts (15%),-15% recoil on automatic weapons.,Tempered Glass Sheet ×1; Data Core ×1; Proof Token ×1,Military Skill 3+,Yes (stacks),Legacy legacy triple-digit percent rows normalized to ±15% where applicable
Combat,MR_COMBAT_COVER_HABIT_15,Cover Habit,15,Cover Habit (15%),-15% incoming ranged damage while in cover.,Capacitor Bank ×1; Optic Lens ×1; Blackglass Plate ×1,Military Skill 1+,Yes (stacks),Legacy legacy triple-digit percent rows normalized to ±15% where applicable
Combat,MR_COMBAT_PANIC_DRILL_15,Panic Drill,15,Panic Drill (15%),+15% panic resistance in close encounters.,Heatsink Block ×1; Optic Lens ×1; Capacitor Bank ×2,Military Skill 3+,Yes (stacks),Legacy legacy triple-digit percent rows normalized to ±15% where applicable
Combat,MR_COMBAT_QUICK_RELOAD_15,Quick Reload,15,Quick Reload (15%),-15% reload time.,Tempered Glass Sheet ×1; Data Core ×1; Capacitor Bank ×2,Military Skill 2+,Yes (stacks),Legacy legacy triple-digit percent rows normalized to ±15% where applicable
Logistics,MR_LOGISTICS_LOAD_BALANCING_5,Load Balancing,5,Load Balancing (5%),+5% carrying capacity (player + NPCs).,Fiber Bundle ×2; Binding Rope ×1,Camp Leadership 3+,Yes (stacks),Legacy legacy triple-digit percent rows normalized to ±15% where applicable
Logistics,MR_LOGISTICS_LOAD_BALANCING_7,Load Balancing,7,Load Balancing (7%),+7% carrying capacity (player + NPCs).,Scrap Metal ×2; Fiber Bundle ×2,Camp Leadership 3+,Yes (stacks),Legacy legacy triple-digit percent rows normalized to ±15% where applicable
Logistics,MR_LOGISTICS_PACK_DISCIPLINE_5,Pack Discipline,5,Pack Discipline (5%),-5% encumbrance penalties.,Scrap Metal ×2; Clear Grit ×2,Scouting Skill 4+,Yes (stacks),Legacy legacy triple-digit percent rows normalized to ±15% where applicable
Logistics,MR_LOGISTICS_PACK_DISCIPLINE_7,Pack Discipline,7,Pack Discipline (7%),-7% encumbrance penalties.,Charcoal Chunk ×1; Clear Grit ×2,Scouting Skill 4+,Yes (stacks),Legacy legacy triple-digit percent rows normalized to ±15% where applicable
Logistics,MR_LOGISTICS_ROUTE_MEMORY_5,Route Memory,5,Route Memory (5%),-5% travel time between known POIs.,Binding Rope ×1; Scrap Metal ×2,Scouting Skill 2+,Yes (stacks),Legacy legacy triple-digit percent rows normalized to ±15% where applicable
Logistics,MR_LOGISTICS_ROUTE_MEMORY_7,Route Memory,7,Route Memory (7%),-7% travel time between known POIs.,Binding Rope ×1; Scrap Metal ×2,Scouting Skill 2+,Yes (stacks),Legacy legacy triple-digit percent rows normalized to ±15% where applicable
Logistics,MR_LOGISTICS_RUNNER_ORDERS_5,Runner Orders,5,Runner Orders (5%),+5% NPC travel speed while running.,Scrap Metal ×2; Binding Rope ×1,Camp Leadership 1+,Yes (stacks),Legacy legacy triple-digit percent rows normalized to ±15% where applicable
Logistics,MR_LOGISTICS_RUNNER_ORDERS_7,Runner Orders,7,Runner Orders (7%),+7% NPC travel speed while running.,Scrap Metal ×2; Fiber Bundle ×2,Camp Leadership 1+,Yes (stacks),Legacy legacy triple-digit percent rows normalized to ±15% where applicable
Logistics,MR_LOGISTICS_STAMINA_COACHING_5,Stamina Coaching,5,Stamina Coaching (5%),-5% stamina drain while sprinting.,Binding Rope ×1; Scrap Metal ×2,Camp Leadership 2+,Yes (stacks),Legacy legacy triple-digit percent rows normalized to ±15% where applicable
Logistics,MR_LOGISTICS_STAMINA_COACHING_7,Stamina Coaching,7,Stamina Coaching (7%),-7% stamina drain while sprinting.,Clear Grit ×2; Scrap Metal ×2,Camp Leadership 2+,Yes (stacks),Legacy legacy triple-digit percent rows normalized to ±15% where applicable
Logistics,MR_LOGISTICS_LOAD_BALANCING_10,Load Balancing,10,Load Balancing (10%),+10% carrying capacity (player + NPCs).,Fiber Bundle ×2; Sealant Tube ×1; Ceramic Tile ×2,Camp Leadership 3+,Yes (stacks),Legacy legacy triple-digit percent rows normalized to ±15% where applicable
Logistics,MR_LOGISTICS_PACK_DISCIPLINE_10,Pack Discipline,10,Pack Discipline (10%),-10% encumbrance penalties.,Flux Pebble ×2; Terminal Block ×1; Solder Wire Spool ×1,Scouting Skill 4+,Yes (stacks),Legacy legacy triple-digit percent rows normalized to ±15% where applicable
Logistics,MR_LOGISTICS_ROUTE_MEMORY_10,Route Memory,10,Route Memory (10%),-10% travel time between known POIs.,Scrap Metal ×2; Fastener Set ×1; Solder Wire Spool ×1,Scouting Skill 2+,Yes (stacks),Legacy legacy triple-digit percent rows normalized to ±15% where applicable
Logistics,MR_LOGISTICS_RUNNER_ORDERS_10,Runner Orders,10,Runner Orders (10%),+10% NPC travel speed while running.,Clear Grit ×2; Fastener Set ×1; Sealant Tube ×1,Camp Leadership 1+,Yes (stacks),Legacy legacy triple-digit percent rows normalized to ±15% where applicable
Logistics,MR_LOGISTICS_STAMINA_COACHING_10,Stamina Coaching,10,Stamina Coaching (10%),-10% stamina drain while sprinting.,Binding Rope ×1; Solder Wire Spool ×1; Terminal Block ×1,Camp Leadership 2+,Yes (stacks),Legacy legacy triple-digit percent rows normalized to ±15% where applicable
Logistics,MR_LOGISTICS_LOAD_BALANCING_12,Load Balancing,12,Load Balancing (12%),+12% carrying capacity (player + NPCs).,Solder Wire Spool ×1; Plate Panel ×1; Optic Lens ×1,Camp Leadership 3+,Yes (stacks),Legacy legacy triple-digit percent rows normalized to ±15% where applicable
Logistics,MR_LOGISTICS_PACK_DISCIPLINE_12,Pack Discipline,12,Pack Discipline (12%),-12% encumbrance penalties.,Sealant Tube ×1; Plate Panel ×1; Capacitor Bank ×1,Scouting Skill 4+,Yes (stacks),Legacy legacy triple-digit percent rows normalized to ±15% where applicable
Logistics,MR_LOGISTICS_ROUTE_MEMORY_12,Route Memory,12,Route Memory (12%),-12% travel time between known POIs.,Solder Wire Spool ×1; Plate Panel ×1; Data Core ×1,Scouting Skill 2+,Yes (stacks),Legacy legacy triple-digit percent rows normalized to ±15% where applicable
Logistics,MR_LOGISTICS_RUNNER_ORDERS_12,Runner Orders,12,Runner Orders (12%),+12% NPC travel speed while running.,Fastener Set ×1; Ceramic Tile ×2; Optic Lens ×1,Camp Leadership 1+,Yes (stacks),Legacy legacy triple-digit percent rows normalized to ±15% where applicable
Logistics,MR_LOGISTICS_STAMINA_COACHING_12,Stamina Coaching,12,Stamina Coaching (12%),-12% stamina drain while sprinting.,Sealant Tube ×1; Solder Wire Spool ×1; Capacitor Bank ×1,Camp Leadership 2+,Yes (stacks),Legacy legacy triple-digit percent rows normalized to ±15% where applicable
Logistics,MR_LOGISTICS_LOAD_BALANCING_15,Load Balancing,15,Load Balancing (15%),+15% carrying capacity (player + NPCs).,Tempered Glass Sheet ×1; Capacitor Bank ×3,Camp Leadership 3+,Yes (stacks),Legacy legacy triple-digit percent rows normalized to ±15% where applicable
Logistics,MR_LOGISTICS_PACK_DISCIPLINE_15,Pack Discipline,15,Pack Discipline (15%),-15% encumbrance penalties.,Optic Lens ×1; Capacitor Bank ×1; Blackglass Plate ×1,Scouting Skill 4+,Yes (stacks),Legacy legacy triple-digit percent rows normalized to ±15% where applicable
Logistics,MR_LOGISTICS_ROUTE_MEMORY_15,Route Memory,15,Route Memory (15%),-15% travel time between known POIs.,Tempered Glass Sheet ×1; Capacitor Bank ×1; Data Core ×2,Scouting Skill 2+,Yes (stacks),Legacy legacy triple-digit percent rows normalized to ±15% where applicable
Logistics,MR_LOGISTICS_RUNNER_ORDERS_15,Runner Orders,15,Runner Orders (15%),+15% NPC travel speed while running.,Heatsink Block ×1; Capacitor Bank ×1; Proof Token ×1,Camp Leadership 1+,Yes (stacks),Legacy legacy triple-digit percent rows normalized to ±15% where applicable
Logistics,MR_LOGISTICS_STAMINA_COACHING_15,Stamina Coaching,15,Stamina Coaching (15%),-15% stamina drain while sprinting.,Heatsink Block ×1; Capacitor Bank ×1; Proof Token ×1,Camp Leadership 2+,Yes (stacks),Legacy legacy triple-digit percent rows normalized to ±15% where applicable
